Data;Hora (Local);Temp. Med. (C);Temp. Max. (C);Temp. Min. (C);Umi. Med. (%);Umi. Max. (%);Umi. Min. (%);Pto Orvalho Med. (C);Pto Orvalho Max. (C);Pto Orvalho Min. (C);Pressao Tend. (hPa);Pressao Max. (hPa);Pressao Min. (hPa);Vel. Vento (m/s);Dir. Vento (graus);Raj. Vento (m/s);Radiacao (KJ/mÂ²);Chuva (mm)
01/06/2023;000;14.7;14.8;14.6;94;94;94;13.8;13.8;13.7;-0.34;1023.71;1023.37;0;23;0;;0.0
01/06/2023;100;14.8;15;14.5;94.9;95;94;14;14.2;13.6;-0.68;1023.37;1022.69;0;23;0;;0.0
01/06/2023;200;14.4;14.6;14.1;95;95;95;13.6;13.8;13.3;-0.34;1022.69;1022.35;0;23;0;;0.0
01/06/2023;300;15;15.2;14.5;95.8;96;95;14.4;14.6;13.7;-0.34;1022.35;1022.01;0;23;0;;0.0
01/06/2023;400;14.6;15.1;14.5;96.7;97;96;14.1;14.6;13.9;0;1022.01;1021.67;0;23;0;;0.0
01/06/2023;500;14.1;14.6;13.6;96.7;97;96;13.6;14.2;13;0.68;1022.69;1022.01;0;23;0;;0.0
01/06/2023;600;13.5;13.7;13.1;96;96;96;12.9;13.1;12.5;0.34;1023.03;1022.35;0;23;0;;0.0
01/06/2023;700;14.6;16.3;13.5;97.2;98;96;14.2;15.9;12.9;0.34;1023.71;1022.69;0;23;0;;0.0
01/06/2023;800;17.9;19.5;16.3;96.2;98;92;17.3;18.2;15.9;0.68;1024.04;1023.37;0.3;23;3.2;;0.0
01/06/2023;900;21.1;22;19.5;86.6;92;84;18.8;19.3;18.1;0.34;1024.38;1024.04;1.5;23;6.4;;0.0
01/06/2023;1000;22.2;22.6;21.8;82.8;84;81;19.2;19.7;18.7;0;1024.72;1024.38;4.3;23;11.3;;0.0
01/06/2023;1100;22.8;23.4;22.2;79.3;81;77;19;19.6;18.6;-0.68;1024.38;1023.71;6;23;11.3;;0.0
01/06/2023;1200;23;23.4;22.7;77.6;79;76;18.9;19.4;18.6;-0.68;1023.71;1023.03;6.5;23;12.9;;0.0
01/06/2023;1300;23.3;23.6;22.9;76.9;78;76;19;19.2;18.6;-0.34;1023.03;1022.69;5;23;11.3;;0.0
01/06/2023;1400;23.4;23.7;23.1;76.7;78;75;19.1;19.4;18.8;-0.34;1022.69;1022.35;4;23;9.7;;0.0
01/06/2023;1500;23.1;23.4;22.7;78.5;80;77;19.1;19.4;18.9;0.34;1022.69;1022.35;3.5;23;9.7;;0.0
01/06/2023;1600;22.3;22.9;21.5;81.1;84;80;18.9;19.3;18.6;0.34;1023.03;1022.69;2.1;23;8;;0.0
01/06/2023;1700;20.9;22.5;19.2;84.3;88;82;18.1;19.3;17.1;0;1023.03;1023.03;0;23;1.6;;0.0
01/06/2023;1800;18.1;19.2;17.4;90.4;92;88;16.5;17.2;16.1;0.68;1023.71;1023.03;0;23;0;;0.0
01/06/2023;1900;17;17.4;16.6;92.6;94;91;15.7;16.1;15.4;0.34;1024.04;1023.71;0;23;0;;0.0
01/06/2023;2000;16.2;16.6;15.7;94;94;94;15.2;15.7;14.8;0;1024.38;1024.04;0;23;0;;0.0
01/06/2023;2100;15.4;15.9;15.1;94.1;95;94;14.5;15.1;14.2;0.35;1024.38;1024.04;0;23;0;;0.0
01/06/2023;2200;14.7;15.4;14.3;94.7;95;94;13.9;14.6;13.3;-0.42;1024.38;1024.04;0;23;0;;0.0
01/06/2023;2300;13.9;14.3;13.5;94;94;94;13;13.3;12.6;-0.34;1024.04;1023.71;0;23;0;;0.0
02/06/2023;000;13.2;13.6;12.9;94.1;95;94;12.3;12.7;11.9;0;1023.71;1023.71;0;23;1.6;;0.0
02/06/2023;100;12.6;12.9;12.3;94.5;95;94;11.8;12;11.5;-0.68;1023.71;1023.03;0;23;0;;0.0
02/06/2023;200;12;12.3;11.6;95;95;95;11.2;11.5;10.8;0;1023.03;1023.03;0;23;0;;0.0
02/06/2023;300;11.4;11.6;11.1;94.1;95;94;10.4;10.8;10.2;-0.34;1023.03;1022.35;0;23;0;;0.0
02/06/2023;400;10.9;11.4;10.6;94.8;95;94;10.1;10.6;9.8;-0.34;1022.69;1022.35;0;23;0;;0.0
02/06/2023;500;11.5;12.4;10.9;95.5;97;95;10.8;11.9;10.1;0;1022.35;1022.01;0;23;0;;0.0
02/06/2023;600;12.8;13.6;12;96.7;97;96;12.3;13.2;11.4;0.34;1022.69;1022.35;0.1;23;1.6;;0.0
02/06/2023;700;14.7;15.8;13.5;97;97;97;14.3;15.3;13.1;0.68;1023.37;1022.69;0;23;0;;0.0
02/06/2023;800;17.4;19.2;15.9;92.1;96;85;16.1;16.6;15.3;0;1023.37;1023.03;0;23;0;;0.0
02/06/2023;900;20.8;22;19.2;78.5;85;75;16.9;17.6;16.3;1.02;1024.38;1023.37;5.9;23;12.9;;0.0
02/06/2023;1000;23.2;24.2;22;68.4;76;58;17;17.9;15.3;0.34;1024.72;1024.38;6.7;23;11.3;;0.0
02/06/2023;1100;24.7;25.3;23.8;53.7;62;45;14.6;16.7;12.1;-0.68;1024.72;1024.04;7.9;23;12.9;;0.0
02/06/2023;1200;25.3;25.9;24.8;47.2;50;45;13.3;14.3;12.6;-1.02;1024.04;1023.03;8.2;23;12.9;;0.0
02/06/2023;1300;25.5;26;25;51;59;46;14.6;16.8;12.6;-0.68;1023.03;1022.35;8.5;23;12.9;;0.0
02/06/2023;1400;25;25.6;24.2;60.3;69;56;16.7;18.4;15.7;-0.34;1022.35;1022.01;9.5;23;12.9;;0.0
02/06/2023;1500;23.9;24.6;23.7;68.8;71;67;17.8;18.4;17.3;-0.34;1022.01;1021.67;9.8;23;12.9;;0.0
02/06/2023;1600;23.2;23.7;22.1;74;79;68;18.3;18.8;17.3;0.34;1022.01;1021.67;6.8;23;11.3;;0.0
02/06/2023;1700;20.5;22.5;18.9;81.2;84;78;17.2;18.6;15.7;0;1022.35;1022.01;0.2;23;3.2;;0.0
02/06/2023;1800;17.7;18.9;16.9;85.7;90;82;15.3;15.9;14.4;0.34;1022.35;1022.01;0;23;0;;0.0
02/06/2023;1900;16.1;17.1;15.6;88.9;92;87;14.2;15.4;13.6;0.34;1022.69;1022.35;0;23;0;;0.0
02/06/2023;2000;15.6;16;15.2;91.2;94;90;14.2;14.7;13.9;0;1023.03;1022.69;0;23;0;;0.0
02/06/2023;2100;16;16.4;15.2;94.9;96;92;15.2;15.6;13.9;0.34;1023.03;1022.69;0;23;0;;0.0
02/06/2023;2200;16.2;17;15.5;96.6;97;96;15.7;16.5;14.9;0;1023.03;1023.03;0.3;23;6.4;;0.0
02/06/2023;2300;17.4;18.1;16.8;96.8;97;95;16.9;17.4;16.3;0.34;1023.37;1023.03;3.7;23;9.7;;0.0
03/06/2023;000;17.9;18.2;17.4;95;95;95;17.1;17.4;16.6;-0.34;1023.37;1023.03;4.9;23;9.7;;0.0
03/06/2023;100;17.5;17.9;17.3;94.8;95;94;16.7;16.9;16.4;-1.02;1023.03;1022.01;5.7;23;9.7;;0.0
03/06/2023;200;17.8;18.1;17.5;92.8;94;92;16.7;16.9;16.3;-0.68;1022.01;1021.33;7.3;23;14.5;;0.0
03/06/2023;300;18.3;18.7;17.9;91.6;92;91;16.9;17.2;16.6;-0.34;1021.33;1021;9.6;23;17.7;;0.0
03/06/2023;400;18.6;18.7;18.3;90.3;91;90;17;17.1;16.7;0;1021;1020.66;10.6;23;16.1;;0.0
03/06/2023;500;19;19.3;18.3;88.6;91;87;17.1;17.3;16.8;0.68;1021.67;1021;12.1;23;24.1;;0.0
03/06/2023;600;19.3;19.4;19.1;86.1;87;86;16.9;17;16.8;0.34;1022.01;1021.67;10.9;23;17.7;;0.0
03/06/2023;700;19.5;19.9;19.1;84.4;86;84;16.8;17.1;16.5;0.34;1022.35;1022.01;11.6;23;22.5;;0.0
03/06/2023;800;20.6;21.2;19.9;82.7;84;82;17.5;18;17;0.68;1023.03;1022.35;13.9;23;22.5;;0.0
03/06/2023;900;21.7;22.4;21.2;78.9;82;75;17.8;18.2;17.6;0.68;1023.71;1023.03;15.9;23;27.4;;0.0
03/06/2023;1000;23;23.7;22.3;71.1;75;68;17.5;17.9;17;-0.34;1024.04;1023.37;13.7;23;22.5;;0.0
03/06/2023;1100;23.9;24.4;23.5;66.5;68;65;17.3;17.7;16.8;-0.68;1023.37;1022.69;13.8;23;24.1;;0.0
03/06/2023;1200;23.9;24.3;23.6;66.2;67;65;17.2;17.6;16.8;-1.36;1022.69;1021.33;17.1;23;29;;0.0
03/06/2023;1300;24.2;24.6;23.8;66;67;65;17.4;17.8;16.9;-1.36;1021.33;1019.98;19;23;32.2;;0.0
03/06/2023;1400;24.3;24.6;24;65;68;63;17.3;18.1;16.8;-0.68;1019.98;1019.3;16.8;23;30.6;;0.0
03/06/2023;1500;23.9;24.5;23.5;68;69;63;17.6;17.9;16.9;0.34;1019.64;1019.3;14.8;23;25.7;;0.0
03/06/2023;1600;23;23.5;22.3;69.9;72;67;17.2;17.5;16.8;-0.34;1019.64;1019.3;13.4;23;24.1;;0.0
03/06/2023;1700;21.4;22.2;21.1;78.1;80;72;17.5;17.9;16.7;0.34;1019.64;1019.3;13.2;23;24.1;;0.0
03/06/2023;1800;21;21.2;20.9;81.2;82;80;17.7;17.9;17.4;0.34;1019.98;1019.64;14.1;23;24.1;;0.0
03/06/2023;1900;20.9;21.1;20.6;81.9;82;81;17.7;17.9;17.3;0.68;1020.66;1019.98;15;23;29;;0.0
03/06/2023;2000;20.4;20.7;20.2;80.6;81;80;17;17.3;16.7;0.34;1021;1020.66;10.7;23;20.9;;0.0
03/06/2023;2100;20;20.4;19.6;81.4;82;80;16.7;17;16.4;0;1021;1021;12.4;23;19.3;;0.0
03/06/2023;2200;19.5;20;19.2;82.2;83;82;16.4;16.8;16.1;0.34;1021.33;1021;11.4;23;20.9;;0.0
03/06/2023;2300;19;19.4;18.7;82;82;82;15.9;16.2;15.6;0;1021.33;1021;9.9;23;16.1;;0.0
04/06/2023;000;18.6;18.9;18.3;83.9;85;82;15.8;15.9;15.6;-0.34;1021.33;1021;10.9;23;16.1;;0.0
04/06/2023;100;18.3;18.4;18.2;84.8;85;84;15.7;15.8;15.4;-0.34;1021;1020.66;10.2;23;17.7;;0.0
04/06/2023;200;18.5;18.8;18.3;82.8;84;82;15.5;15.7;15.3;0;1020.66;1020.66;10.9;23;17.7;;0.0
04/06/2023;300;18.4;18.7;18.2;84.2;86;83;15.7;16;15.4;0;1020.66;1020.66;6.7;23;12.9;;0.0
04/06/2023;400;18.5;19.1;17.6;84.5;86;83;15.9;16.3;15.1;0;1020.66;1020.66;6.6;23;16.1;;0.0
04/06/2023;500;17.8;18.5;17.3;85.3;87;84;15.3;15.7;14.9;0.34;1021;1020.66;3.4;23;11.3;;0.0
04/06/2023;600;16.8;18.3;15.7;87.2;90;84;14.7;15.5;13.9;0.68;1021.67;1021;0.5;23;6.4;;0.0
04/06/2023;700;15.9;17.4;15.3;91;93;89;14.4;15.6;13.8;1.02;1022.69;1021.67;0;23;0;;0.0
04/06/2023;800;18.9;21;17.4;86.2;90;79;16.5;17.5;15.5;0.34;1023.03;1022.69;0;23;0;;0.0
04/06/2023;900;22.3;23.1;21;76.9;81;74;18;18.5;17.4;0.68;1023.71;1023.03;1.4;23;6.4;;0.0
04/06/2023;1000;24;25.3;22.6;69.3;77;61;18;18.5;17.2;-0.68;1023.71;1023.03;3.1;23;8;;0.0
04/06/2023;1100;25.6;26.1;24.8;60.1;64;55;17.3;18.6;15.7;-0.34;1023.03;1022.69;5.2;23;9.7;;0.0
04/06/2023;1200;25.5;26.2;25.1;62.3;65;59;17.8;18.6;17.1;-1.02;1022.69;1021.67;7.9;23;11.3;;0.0
04/06/2023;1300;24.7;25.6;24.2;68.2;74;61;18.4;19.6;17.3;-0.68;1021.67;1021;9.7;23;16.1;;0.0
04/06/2023;1400;24.7;25.1;24.2;74.6;76;72;19.9;20.3;19.4;0.34;1021.33;1021;7.5;23;11.3;;0.0
04/06/2023;1500;24.9;26;24.2;67.8;72;64;18.6;20.2;17.2;0.34;1021.67;1021.33;4;23;11.3;;0.0
04/06/2023;1600;23.5;24.5;22;73.9;81;66;18.5;19.2;17.5;0.68;1022.35;1021.67;2.4;23;8;;0.0
04/06/2023;1700;21.3;23;19.5;81.4;85;79;18;19.2;16.6;0.34;1022.69;1022.35;0;23;3.2;;0.0
04/06/2023;1800;18.3;19.5;17.4;86.2;90;84;15.9;16.9;15.4;0.68;1023.37;1022.69;0;23;0;;0.0
04/06/2023;1900;16.7;17.4;16.2;90.9;92;90;15.2;15.8;14.7;0.34;1023.71;1023.37;0;23;0;;0.0
04/06/2023;2000;15.7;16.3;15.3;92.4;93;91;14.5;15;14.2;0;1023.71;1023.71;0;23;0;;0.0
04/06/2023;2100;15;15.4;14.7;93;94;93;13.9;14.3;13.6;0.34;1024.04;1023.71;0;23;0;;0.0
04/06/2023;2200;14.3;14.8;13.8;93;93;93;13.2;13.7;12.7;-0.34;1024.04;1023.71;0;23;0;;0.0
04/06/2023;2300;13.9;14.3;13.7;93.6;94;93;12.9;13.3;12.6;-0.34;1023.71;1023.37;0;23;0;;0.0
05/06/2023;000;13.4;13.8;13.1;94;94;94;12.4;12.8;12.2;-0.68;1023.37;1022.69;0;23;0;;0.0
05/06/2023;100;13.1;13.3;12.8;94.1;95;94;12.2;12.3;12;0;1022.69;1022.69;0;23;0;;0.0
05/06/2023;200;12.8;13;12.7;95;95;95;12.1;12.2;11.9;-0.34;1022.69;1022.35;0;23;0;;0.0
05/06/2023;300;12.4;12.8;12.3;95;95;95;11.7;12;11.5;-0.34;1022.35;1022.01;0;23;0;;0.0
05/06/2023;400;12.2;12.4;12;95;95;95;11.4;11.6;11.2;0;1022.01;1022.01;0;23;0;;0.0
05/06/2023;500;12.2;12.7;11.9;95.5;96;95;11.5;12.1;11.1;-0.34;1022.01;1021.67;0.1;23;3.2;;0.0
05/06/2023;600;12.6;12.9;12.3;96;96;96;12;12.3;11.7;0.68;1022.35;1021.67;0.2;23;3.2;;0.0
05/06/2023;700;13.1;14;12.5;96.6;97;96;12.6;13.4;11.9;0.34;1022.69;1022.35;0;23;0;;0.0
05/06/2023;800;16.6;19.1;14;93;96;87;15.4;17.1;13.4;1.36;1024.04;1022.69;0;23;0;;0.0
05/06/2023;900;21.4;22.6;19.1;78.6;88;73;17.5;18.2;16.9;0.68;1024.72;1024.04;2.8;23;9.7;;0.0
05/06/2023;1000;23.1;23.8;22.2;74.6;77;72;18.3;18.8;17;0.34;1025.06;1024.72;5.2;23;12.9;;0.0
05/06/2023;1100;23.8;24.7;23.3;73.5;76;69;18.7;19.3;17.9;-1.02;1025.06;1024.04;6.1;23;12.9;;0.0
05/06/2023;1200;24.6;24.9;24.2;72.1;73;70;19.2;19.7;18.9;-1.02;1024.04;1023.03;6.2;23;12.9;;0.0
05/06/2023;1300;24.7;25.1;24.4;75;77;72;20;20.4;19.6;-0.34;1023.03;1022.69;7;23;14.5;;0.0
05/06/2023;1400;24.5;24.9;24.2;77.4;79;76;20.3;20.6;20.1;0;1022.69;1022.69;6.7;23;14.5;;0.0
05/06/2023;1500;23.9;24.5;23.3;79.4;81;77;20.1;20.4;19.8;0.34;1023.03;1022.69;6.4;23;14.5;;0.0
05/06/2023;1600;22.4;23.6;21.5;83.1;85;81;19.4;20.2;18.9;0.68;1023.71;1023.03;7.2;23;17.7;;0.0
05/06/2023;1700;20.8;21.5;20.4;86.9;88;85;18.5;18.9;18.3;0.68;1024.38;1023.71;7;23;19.3;;0.0
05/06/2023;1800;20.4;20.5;20.4;87.4;88;87;18.3;18.4;18.2;0.34;1024.72;1024.38;7;23;16.1;;0.0
05/06/2023;1900;20.5;20.6;20.2;84.9;87;84;17.9;18.3;17.4;0.34;1025.06;1024.72;7.5;23;17.7;;0.0
05/06/2023;2000;20.1;20.2;19.8;84.6;85;84;17.4;17.5;17;0.34;1025.4;1025.06;7.1;23;22.5;;0.0
05/06/2023;2100;19.6;19.8;19.3;84.4;85;84;16.9;17.1;16.7;0;1025.74;1025.4;5.3;23;12.9;;0.0
05/06/2023;2200;19.1;19.3;18.8;85.3;86;85;16.6;16.7;16.4;0.34;1025.74;1025.4;2.5;23;8;;0.0
05/06/2023;2300;18.9;19.2;18.7;86.5;87;86;16.6;16.8;16.4;-0.68;1025.74;1025.06;2.6;23;8;;0.0
06/06/2023;000;19.1;19.4;18.8;84.6;86;84;16.5;16.8;16.1;-0.34;1025.06;1024.72;2.2;23;8;;0.0
06/06/2023;100;18.8;18.9;18.8;85.8;87;85;16.4;16.6;16.2;0;1024.72;1024.38;0.4;23;6.4;;0.0
06/06/2023;200;18.8;18.8;18.7;87.3;88;87;16.6;16.7;16.5;-0.68;1024.72;1024.04;0.3;23;3.2;;0.0
06/06/2023;300;18.7;18.7;18.6;88;88;88;16.7;16.7;16.6;-0.68;1024.04;1023.37;0.1;23;3.2;;0.0
06/06/2023;400;18.5;18.6;18.3;88.5;89;88;16.5;16.7;16.4;0;1023.37;1023.03;0;23;0;;0.0
06/06/2023;500;18.2;18.3;18;89.8;90;89;16.5;16.6;16.3;0.68;1024.38;1023.37;0;23;0;;0.0
06/06/2023;600;17.6;18;17.2;90.1;91;90;15.9;16.3;15.6;0.34;1024.38;1024.04;0;23;0;;0.0
06/06/2023;700;16.9;17.3;16.6;91.6;93;91;15.5;16.1;15.2;0.68;1025.06;1024.38;0;23;0;;0.0
06/06/2023;800;19;20.9;17.3;89.1;93;83;17.1;17.9;16.1;0.34;1025.4;1025.06;0;23;3.2;;0.0
06/06/2023;900;21.6;22.6;20.8;79.6;83;76;17.9;18.3;17.6;0;1025.74;1025.4;2.1;23;8;;0.0
06/06/2023;1000;21.7;22.5;21.2;79.6;81;77;18;18.6;17.8;0.34;1025.74;1025.4;3.5;23;8;;0.0
06/06/2023;1100;22.3;23.2;21.5;77;80;72;18;18.5;17.4;-0.68;1025.74;1025.06;2.8;23;9.7;;0.0
06/06/2023;1200;23;23.4;22.2;72.9;75;72;17.9;18.3;17.4;-1.36;1025.06;1023.71;8.4;23;17.7;;0.0
06/06/2023;1300;22.9;23.3;22.3;73.6;75;73;17.9;18.4;17.5;-1.02;1023.71;1022.69;12.8;23;19.3;;0.0
06/06/2023;1400;22.8;23.2;22.5;75.2;76;74;18.2;18.6;17.8;-0.68;1022.69;1022.01;12.8;23;19.3;;0.0
06/06/2023;1500;22.4;23;22.1;76.8;78;75;18.1;18.6;17.8;0;1022.01;1021.67;13.6;23;20.9;;0.0
06/06/2023;1600;21.7;22.3;21.2;79.3;81;78;18;18.3;17.7;0;1022.01;1022.01;11.4;23;19.3;;0.0
06/06/2023;1700;20.6;21.2;20.2;82.9;84;81;17.6;17.8;17.2;0;1022.01;1022.01;9.9;23;16.1;;0.0
06/06/2023;1800;20.3;20.4;20.2;84;84;84;17.5;17.6;17.4;0.68;1022.69;1022.01;10.1;23;17.7;;0.0
06/06/2023;1900;20.2;20.4;20.1;84.5;85;84;17.5;17.7;17.3;0.68;1023.37;1022.69;8.8;23;16.1;;0.0
06/06/2023;2000;20.1;20.3;19.9;84.7;85;84;17.5;17.6;17.3;0.34;1023.71;1023.03;7;23;14.5;;0.0
06/06/2023;2100;19.2;20.1;18.4;86.7;90;85;17;17.5;16.3;0;1023.71;1023.71;1.8;23;12.9;;0.0
06/06/2023;2200;19.1;19.8;18.5;88.5;90;87;17.2;17.7;16.8;-0.34;1023.71;1023.37;4.2;23;11.3;;0.0
06/06/2023;2300;19.6;20.1;18.9;88.3;90;87;17.6;17.9;17.2;0;1023.37;1023.37;6.3;23;11.3;;0.0
07/06/2023;000;18.8;19;18.6;90.9;92;90;17.3;17.5;17.1;0;1023.37;1023.03;6;23;11.3;;0.0
07/06/2023;100;18.8;19.1;18.5;91.4;92;91;17.4;17.7;17.2;-0.34;1023.37;1023.03;6.8;23;11.3;;0.0
07/06/2023;200;19.3;19.6;19.1;90.1;91;89;17.6;17.7;17.6;-0.68;1023.03;1022.35;9.9;23;19.3;;0.0
07/06/2023;300;19.2;19.5;19.1;89.9;90;89;17.6;17.6;17.4;-0.34;1022.35;1022.01;9.5;23;14.5;;0.0
07/06/2023;400;19.3;19.5;19.2;88.9;90;88;17.5;17.6;17.2;0;1022.01;1022.01;10.1;23;16.1;;0.0
07/06/2023;500;19.3;19.4;19.1;88;88;88;17.2;17.3;17.1;0;1022.01;1022.01;9.9;23;17.7;;0.0
07/06/2023;600;19.1;19.2;18.9;88.7;89;88;17.2;17.3;17.1;0.34;1022.35;1021.67;10.6;23;17.7;;0.0
07/06/2023;700;19.5;20;19.1;86.4;88;85;17.2;17.4;16.9;1.02;1023.37;1022.35;10.2;23;19.3;;0.0
07/06/2023;800;20.5;21;20;83.1;85;82;17.5;17.9;17.4;0.34;1023.71;1023.37;12.1;23;19.3;;0.0
07/06/2023;900;21.4;22.2;21;79.7;82;78;17.8;18.2;17.5;0;1023.71;1023.71;13.6;23;22.5;;0.0
07/06/2023;1000;23;23.8;22.1;74.4;78;71;18.2;18.7;17.7;-0.68;1023.71;1023.03;13.5;23;22.5;;0.0
07/06/2023;1100;24;24.6;23.5;68.7;70;67;17.9;18.3;17.6;-0.68;1023.03;1022.35;17.7;23;27.4;;0.0
07/06/2023;1200;24.6;25.1;24;67.4;69;67;18.1;18.6;17.7;-0.68;1022.35;1021.67;18.6;23;33.8;;0.0
07/06/2023;1300;25.2;25.6;24.7;65.4;67;64;18.2;18.7;17.7;-0.68;1021.67;1021;17.3;23;29;;0.0
07/06/2023;1400;25.1;25.5;24.6;68;74;64;18.7;19.8;17.8;0;1021;1020.66;14.6;23;27.4;;0.0
07/06/2023;1500;24.3;25.3;23.2;75.2;79;71;19.6;19.8;19.3;0;1021;1021;13.4;23;22.5;;0.0
07/06/2023;1600;22.9;23.3;22.3;79.8;81;79;19.2;19.4;18.8;0.34;1021.33;1021;10.5;23;19.3;;0.0
07/06/2023;1700;21.4;22.3;20.5;84.5;87;81;18.6;19.1;18.3;0.34;1021.67;1021.33;2.5;23;8;;0.0
07/06/2023;1800;19.8;20.4;19.5;89.4;90;88;18;18.3;17.6;0.68;1022.35;1021.67;1.4;23;6.4;;0.0
07/06/2023;1900;18.7;19.5;17.7;90.8;92;90;17.2;17.9;16.1;0.34;1022.69;1022.35;0;23;3.2;;0.0
07/06/2023;2000;17.4;17.8;17;91.2;92;90;16;16.4;15.7;0.34;1023.03;1022.69;0;23;0;;0.0
07/06/2023;2100;16.9;17;16.7;92.5;93;92;15.7;15.8;15.6;0;1023.03;1023.03;0;23;0;;0.0
07/06/2023;2200;15.8;16.7;14.9;93;93;93;14.7;15.6;13.8;0;1023.03;1023.03;0;23;0;;0.0
07/06/2023;2300;14.5;14.9;14;93.2;94;93;13.4;13.8;12.9;0;1023.03;1022.69;0;23;0;;0.0
08/06/2023;000;13.8;14.1;13.4;93.8;95;93;12.8;13.2;12.4;-0.68;1023.03;1022.35;0;23;0;;0.0
08/06/2023;100;13.4;13.8;13;94;94;94;12.5;12.8;12.1;-0.34;1022.69;1022.01;0;23;0;;0.0
08/06/2023;200;12.6;13.3;12.1;94.2;95;94;11.7;12.3;11.2;0;1022.35;1022.01;0;23;0;;0.0
08/06/2023;300;12;12.5;11.9;94.1;95;94;11.1;11.7;10.9;-0.34;1022.01;1021.67;0;23;0;;0.0
08/06/2023;400;11.9;12.4;11.8;95;95;95;11.1;11.6;11;0.34;1022.01;1021.67;0;23;0;;0.0
08/06/2023;500;11.8;12;11.6;95;95;95;11;11.2;10.8;0.34;1022.35;1022.01;0;23;0;;0.0
08/06/2023;600;11.6;11.7;11.4;95;95;95;10.8;10.9;10.6;0.68;1023.03;1022.35;0;23;0;;0.0
08/06/2023;700;12.6;14.8;11.5;95.8;97;95;12;14.3;10.7;0;1023.37;1023.03;0;23;0;;0.0
08/06/2023;800;17.6;19.7;14.9;93.6;97;89;16.6;18;14.3;0.34;1023.71;1023.03;0.1;23;6.4;;0.0
08/06/2023;900;20.6;21.4;19.7;84.1;89;80;17.8;18.1;17.6;0.34;1023.71;1023.37;8.4;23;14.5;;0.0
08/06/2023;1000;22.5;23.7;21.3;78.4;81;74;18.5;19;17.7;-0.34;1023.71;1023.37;9.2;23;14.5;;0.0
08/06/2023;1100;24.2;24.8;23.5;68.5;75;64;18;19;17.3;-1.02;1023.37;1022.35;8.4;23;12.9;;0.0
08/06/2023;1200;24.6;25.1;24;64.4;67;63;17.4;17.9;16.9;-0.39;1022.35;1022.01;10.4;23;16.1;;0.0
08/06/2023;1300;23.8;24.3;23.4;73.7;77;67;18.8;19.6;17.5;-0.76;1021.67;1021;12.9;23;17.7;;0.0
08/06/2023;1400;23.7;24;23.5;76;77;73;19.2;19.5;18.4;-0.68;1021;1020.32;12.1;23;17.7;;0.0
08/06/2023;1500;23.3;23.9;22.8;75.4;78;73;18.7;19.4;18.3;-0.68;1020.32;1019.64;12.1;23;17.7;;0.0
08/06/2023;1600;22.4;22.9;21.7;78.1;82;76;18.4;18.6;18.2;0;1019.64;1019.64;12.2;23;17.7;;0.0
08/06/2023;1700;20.9;21.7;20.5;85.3;88;82;18.3;18.5;18.2;0;1019.64;1019.64;9.8;23;16.1;;0.0
08/06/2023;1800;20.6;20.6;20.4;88.4;90;88;18.6;18.9;18.4;0;1019.98;1019.64;11;23;16.1;;0.0
08/06/2023;1900;20.3;20.5;20.2;91;91;90;18.7;18.8;18.6;0.7;1020.32;1019.64;8.6;23;12.9;;0.0
08/06/2023;2000;20.4;20.7;20.2;91;91;91;18.9;19.2;18.7;-0.34;1020.32;1019.98;12.1;23;22.5;;0.0
08/06/2023;2100;20.6;20.7;20.4;91;91;90;19.1;19.2;18.9;0.34;1020.32;1019.98;13.8;23;24.1;;0.0
08/06/2023;2200;20.8;20.9;20.7;90;90;90;19.1;19.2;19;0.34;1020.66;1020.32;16.1;23;24.1;;0.0
08/06/2023;2300;20.8;20.9;20.7;89.3;90;89;18.9;19.1;18.8;-0.38;1020.66;1020.32;14.3;23;22.5;;0.0
09/06/2023;000;20.2;20.7;20;91.3;92;89;18.7;18.8;18.5;-0.42;1020.32;1019.98;11.4;23;19.3;;0.0
09/06/2023;100;20.1;20.2;19.5;92;92;92;18.8;18.9;18.2;-0.37;1019.98;1019.64;13.4;23;19.3;;0.0
09/06/2023;200;19.4;19.5;19.3;92.3;93;92;18.1;18.2;17.9;-0.72;1019.64;1018.96;12.8;23;16.1;;0.0
09/06/2023;300;19.2;19.2;19.1;92;92;92;17.9;17.9;17.8;-0.37;1018.96;1018.63;13.5;23;17.7;;0.0
09/06/2023;400;18.9;19;18.8;92;92;92;17.6;17.7;17.4;0;1018.29;1017.95;12.2;23;14.5;;0.0
09/06/2023;500;18.8;19;18.7;92;92;92;17.5;17.7;17.4;-0.35;1018.29;1017.95;13.2;23;17.7;;0.0
09/06/2023;600;18.8;19;18.6;92.3;93;92;17.5;17.7;17.3;0.34;1018.29;1017.95;12.3;23;19.3;;0.0
09/06/2023;700;18.7;19.3;18.4;91.6;93;89;17.3;17.4;17.1;0.34;1018.96;1018.29;13.2;23;20.9;;0.0
09/06/2023;800;20.4;21.7;19.3;85;89;79;17.7;18.1;17.4;0.68;1019.3;1018.63;13;23;20.9;;0.0
09/06/2023;900;22.5;23;21.7;75.5;79;72;18;18.4;17.4;0.34;1019.64;1019.3;14.2;23;20.9;;0.0
09/06/2023;1000;22.9;24.1;22.3;76.2;80;69;18.5;19.3;17.4;-0.34;1019.64;1019.3;15;23;27.4;;0.0
09/06/2023;1100;24;24.9;23.1;73.3;79;69;18.9;19.8;17.6;-1.02;1019.3;1018.29;15.4;23;27.4;;0.0
09/06/2023;1200;25.4;26.1;24.5;65.6;71;63;18.4;19.1;17.9;-1.71;1018.29;1016.59;18.2;23;30.6;;0.0
09/06/2023;1300;25.8;26.2;25.4;64.8;68;63;18.6;19.4;18.1;-1.02;1016.59;1015.58;18.9;23;29;;0.0
09/06/2023;1400;25;26.2;23.8;69;75;62;18.9;19.4;18.2;-0.34;1015.58;1015.24;18.2;23;25.7;;0.0
09/06/2023;1500;23.8;24.1;23.6;76.4;78;75;19.4;19.7;19.1;-0.68;1015.24;1014.56;16.4;23;25.7;;0.0
09/06/2023;1600;23.3;23.6;23.1;79.5;81;78;19.6;19.8;19.1;1.02;1015.58;1014.56;12.4;23;24.1;;0.0
09/06/2023;1700;22.1;23.1;21.6;81.2;86;78;18.7;19.2;18.3;0.34;1015.92;1015.58;12.3;23;17.7;;0.0
09/06/2023;1800;21.3;21.6;21.1;86.3;88;85;18.9;19.2;18.6;0.68;1016.59;1015.92;10.9;23;17.7;;0.0
09/06/2023;1900;21.1;21.2;21;88.7;89;88;19.1;19.2;18.9;0.68;1017.27;1016.59;7.8;23;16.1;;0.0
09/06/2023;2000;21.2;21.6;21;86.6;89;84;18.9;19.1;18.4;0;1017.27;1017.27;6.2;23;11.3;;0.0
09/06/2023;2100;21.3;21.9;20.7;83.2;86;81;18.4;18.7;18.1;0;1017.27;1017.27;4.8;23;12.9;;0.0
09/06/2023;2200;20;20.8;19.7;87.2;88;86;17.8;18.3;17.5;0.34;1017.61;1017.27;2.1;23;9.7;;0.0
09/06/2023;2300;18.5;20.1;17.3;88.1;91;86;16.5;17.7;15.6;-0.34;1017.61;1017.27;0.2;23;4.8;;0.0
10/06/2023;000;17.1;18.6;16.3;93.4;95;91;16;17.5;15.2;-0.34;1017.27;1016.93;1.4;23;6.4;;0.0
10/06/2023;100;18.6;20.1;17.9;89.6;93;83;16.8;17.2;16.4;-0.68;1016.93;1016.26;4;23;9.7;;0.0
10/06/2023;200;19.3;20.1;18.3;87.4;90;83;17.2;17.6;16.6;-0.34;1016.26;1015.92;6.6;23;16.1;;0.0
10/06/2023;300;18.3;19.1;17.8;85.8;91;78;15.9;16.6;14.9;-0.34;1015.92;1015.58;2.1;23;11.3;;0.0
10/06/2023;400;19.7;22.2;18.6;72;79;60;14.4;15.1;14;-0.34;1015.58;1015.24;2.6;23;12.9;;0.0
10/06/2023;500;23.1;23.5;22.1;57.2;61;56;14.1;14.3;13.9;0.34;1015.58;1014.9;7.3;23;16.1;;0.0
10/06/2023;600;23.3;23.5;23.2;55.7;56;55;13.9;14.1;13.7;0.34;1015.92;1015.58;6;23;12.9;;0.0
10/06/2023;700;24;24.5;23.4;54.6;56;54;14.3;14.6;13.8;0.34;1016.26;1015.92;7;23;14.5;;0.0
10/06/2023;800;25.3;26.5;24.5;52.3;54;49;14.9;15.4;14.6;0.34;1016.59;1016.26;5.1;23;12.9;;0.0
10/06/2023;900;27;27.7;26.4;52.1;56;47;16.3;17.9;14.8;0;1016.93;1016.59;2.6;23;9.7;;0.0
10/06/2023;1000;28.5;29.5;27.4;46.5;56;43;15.9;18.1;15.1;-0.68;1016.59;1015.92;5.6;23;12.9;;0.0
10/06/2023;1100;30;30.5;29.2;42.7;44;41;15.9;16.5;15.3;-0.34;1015.92;1015.58;7.8;23;16.1;;0.0
10/06/2023;1200;30.6;30.9;30.2;42.2;44;41;16.3;16.7;15.9;-1.02;1015.58;1014.56;9.4;23;16.1;;0.0
10/06/2023;1300;30.8;31.2;30.5;41.2;42;40;16.1;16.7;15.4;-1.02;1014.56;1013.55;11.6;23;25.7;;0.0
10/06/2023;1400;30.4;30.7;29.8;41.6;45;40;15.8;16.8;15.3;0;1013.55;1013.55;12.5;23;20.9;;0.0
10/06/2023;1500;29.7;30.2;29.3;46;49;44;16.8;17.6;16.3;-0.34;1013.55;1013.21;8.4;23;12.9;;0.0
10/06/2023;1600;28.8;29.4;28.1;47.6;49;46;16.6;17.6;16.2;0;1013.21;1012.87;8.1;23;16.1;;0.0
10/06/2023;1700;25.3;28.1;23.1;60;69;49;16.9;17.2;16.3;0;1013.55;1013.21;4.9;23;12.9;;0.0
10/06/2023;1800;25.9;26.1;25.3;61.1;63;58;17.8;18.5;16.8;-0.68;1013.21;1012.53;17.6;23;25.7;;0.0
10/06/2023;1900;25.7;26.5;25.3;63.9;66;61;18.4;18.6;18.2;0.68;1013.21;1012.53;15.7;23;30.6;;0.0
10/06/2023;2000;25.3;25.5;25;65.7;67;65;18.4;18.7;18.2;-0.34;1013.21;1012.53;19.4;23;32.2;;0.0
10/06/2023;2100;25.5;26.4;24.6;62.7;68;57;17.8;18.4;17.1;0;1012.87;1012.19;23.1;23;37;;0.0
10/06/2023;2200;25.3;25.8;24.9;61.9;64;60;17.4;17.7;16.9;0;1012.87;1012.87;15.3;23;24.1;;0.0
10/06/2023;2300;24.8;25.3;24.2;62.9;66;60;17.2;17.5;16.9;0.34;1013.21;1012.87;12.7;23;19.3;;0.0
11/06/2023;000;23.8;24.2;23.4;68.3;70;66;17.6;17.8;17.4;0;1013.21;1012.87;10.6;23;14.5;;0.0
11/06/2023;100;22.9;23.5;21.8;72.3;76;70;17.6;17.9;17.3;-0.68;1013.21;1012.53;5.7;23;11.3;;0.0
11/06/2023;200;21.3;21.8;20.8;78;80;76;17.3;17.5;17.1;-0.34;1012.53;1012.19;1.5;23;4.8;;0.0
11/06/2023;300;21.1;21.4;20.8;80.5;81;79;17.6;17.9;17.4;0;1012.19;1011.85;2.4;23;8;;0.0
11/06/2023;400;20.9;21.1;20.7;89.7;91;81;19.1;19.3;17.6;1.02;1013.21;1012.19;4.8;23;12.9;;0.0
11/06/2023;500;20.4;20.7;20.3;90.9;91;90;18.9;19.2;18.6;0.34;1013.55;1013.21;5.8;23;16.1;;0.0
11/06/2023;600;19.9;20.3;19.7;88.5;90;88;18;18.6;17.7;1.02;1014.56;1013.55;6.7;23;19.3;;0.0
11/06/2023;700;19.7;19.7;19.4;85.6;88;85;17.2;17.7;16.8;0.68;1015.24;1014.56;9.4;23;24.1;;0.0
11/06/2023;800;19.5;19.7;19.3;83.4;85;82;16.6;16.8;16.3;1.36;1016.59;1015.24;10;23;22.5;;0.0
11/06/2023;900;19.3;19.5;19.2;81.7;82;81;16.1;16.3;15.9;0;1016.93;1016.26;10.4;23;22.5;;0.0
11/06/2023;1000;19.4;19.8;19.1;81.5;82;81;16.1;16.4;15.9;0.34;1017.27;1016.59;12.3;23;27.4;;0.0
11/06/2023;1100;19.1;19.4;18.7;81.4;82;81;15.8;16.2;15.6;-0.34;1016.93;1016.59;10.1;23;25.7;;0.0
11/06/2023;1200;18.7;18.8;18.5;82.3;83;82;15.6;15.8;15.5;-0.68;1016.59;1015.92;10.3;23;24.1;;0.0
11/06/2023;1300;18.6;19.2;18.4;82.3;84;80;15.6;15.8;15.4;0;1016.59;1015.92;9.7;23;20.9;;0.0
11/06/2023;1400;18;18.4;17.4;84.6;89;83;15.4;15.6;15.2;0.34;1016.26;1015.92;7.4;23;16.1;;0.0
11/06/2023;1500;16.9;17.4;16.6;89.6;91;89;15.2;15.6;14.9;0.34;1016.59;1015.92;8.4;23;17.7;;0.5
11/06/2023;1600;16.5;16.7;16.2;90.9;92;90;15;15.2;14.9;1.36;1017.95;1016.59;6.5;23;22.5;;1.0
11/06/2023;1700;15.7;16.1;15.4;93.5;94;92;14.6;15;14.4;1.02;1018.96;1017.95;4;23;14.5;;1.5
11/06/2023;1800;15.4;15.5;15.3;93.8;94;93;14.4;14.6;14.3;1.02;1019.98;1018.96;3.9;23;14.5;;1.0
11/06/2023;1900;15.2;15.5;15.1;94.4;95;93;14.3;14.4;14.3;0;1019.98;1019.64;3.7;23;11.3;;3.6
11/06/2023;2000;15.2;15.4;15.1;94.9;95;94;14.4;14.5;14.3;0;1019.98;1019.3;6.1;23;19.3;;1.0
11/06/2023;2100;15.1;15.4;14.8;94;94;94;14.2;14.4;13.8;0.68;1020.66;1019.98;5.3;23;12.9;;0.3
11/06/2023;2200;14.6;14.8;14.4;94;94;94;13.7;13.8;13.4;0.34;1021;1020.66;6.1;23;17.7;;1.8
11/06/2023;2300;14.2;14.4;14;94;94;94;13.2;13.4;13.1;0;1021.33;1021;5.4;23;16.1;;1.5
12/06/2023;000;13.9;14;13.8;94;94;94;13;13.1;12.8;-0.34;1021;1020.66;4.2;23;11.3;;1.0
12/06/2023;100;13.6;13.8;13.4;94;94;94;12.6;12.8;12.4;-0.41;1021;1020.32;4.8;23;11.3;;0.5
12/06/2023;200;13.3;13.4;13.2;92.5;94;92;12.1;12.4;11.9;0;1021;1020.66;5.1;23;16.1;;1.0
12/06/2023;300;13.1;13.2;13;93;93;93;12;12.1;11.9;0.34;1021;1020.66;4.9;23;12.9;;1.0
12/06/2023;400;13;13;12.9;93.6;94;93;12;12.1;11.9;0;1021.33;1021;4.9;23;12.9;;3.0
12/06/2023;500;12.8;12.9;12.7;94.5;95;94;11.9;12;11.8;0.34;1021.33;1021;5.7;23;12.9;;2.5
12/06/2023;600;12.6;12.7;12.4;95;95;95;11.8;11.9;11.6;1.02;1022.35;1021.33;5.7;23;19.3;;2.0
12/06/2023;700;12.4;12.4;12.4;95;95;95;11.6;11.6;11.6;0.68;1023.03;1022.35;6;23;17.7;;1.0
12/06/2023;800;12.4;12.5;12.4;94.7;95;94;11.6;11.6;11.4;0.34;1023.37;1022.69;6.8;23;20.9;;1.0
12/06/2023;900;12.6;12.6;12.5;94;94;94;11.6;11.7;11.6;1.02;1024.38;1023.37;6.9;23;16.1;;1.3
12/06/2023;1000;12.4;12.5;12.3;94;94;94;11.5;11.6;11.3;0;1024.72;1024.04;7;23;19.3;;2.3
12/06/2023;1100;12.2;12.3;12.2;94;94;94;11.3;11.3;11.3;-0.68;1024.38;1023.71;7.3;23;20.9;;3.6
12/06/2023;1200;12.6;12.8;12.3;93.3;94;92;11.5;11.7;11.3;-0.34;1023.71;1023.03;7.1;23;17.7;;0.8
12/06/2023;1300;12.9;13.3;12.8;91.3;92;91;11.5;11.8;11.3;-0.34;1023.71;1023.03;7.5;23;19.3;;0.3
12/06/2023;1400;13.4;13.6;13.3;89.3;91;88;11.7;11.8;11.6;0.34;1023.37;1023.03;7.3;23;19.3;;0.0
12/06/2023;1500;13.3;13.6;12.9;88.2;89;88;11.4;11.7;11.1;0.68;1024.04;1023.37;8.5;23;24.1;;0.0
12/06/2023;1600;12.9;13;12.8;88.5;89;87;11;11.1;10.9;1.02;1025.06;1024.04;8;23;22.5;;0.0
12/06/2023;1700;12.4;13;11.8;89.5;92;87;10.7;10.9;10.5;0.68;1025.74;1025.06;8.3;23;20.9;;0.0
12/06/2023;1800;11.9;12;11.8;90.9;92;90;10.4;10.5;10.2;0.68;1026.41;1025.74;7.5;23;19.3;;0.5
12/06/2023;1900;11.8;12;11.7;92;93;90;10.6;10.7;10.3;0.34;1026.75;1026.41;5.9;23;16.1;;2.3
12/06/2023;2000;11.9;12.1;11.7;92.7;93;91;10.7;10.9;10.6;0.34;1027.09;1026.75;4.9;23;14.5;;0.3
12/06/2023;2100;12.5;13;12.1;88.6;91;86;10.7;10.8;10.6;0.34;1027.43;1026.75;7.1;23;24.1;;0.0
12/06/2023;2200;13.4;13.6;13;84;86;83;10.7;10.8;10.6;0;1027.43;1027.09;7.9;23;19.3;;0.0
12/06/2023;2300;13.6;13.6;13.6;83;83;83;10.8;10.8;10.8;0.34;1028.11;1027.09;8.2;23;24.1;;0.0
13/06/2023;000;13.5;13.6;13.5;83;83;83;10.7;10.8;10.7;0;1028.11;1027.43;8.5;23;22.5;;0.0
13/06/2023;100;13.6;13.6;13.5;81.6;83;80;10.5;10.7;10.2;0.34;1028.11;1027.77;9.1;23;22.5;;0.0
13/06/2023;200;13.7;13.7;13.5;78.7;80;77;10;10.3;9.6;0;1028.45;1028.11;9.3;23;22.5;;0.0
13/06/2023;300;13.5;13.5;13.4;76.6;77;76;9.5;9.6;9.2;-0.34;1028.11;1027.77;8;23;16.1;;0.0
13/06/2023;400;13.4;13.4;13.4;75.3;76;75;9.1;9.2;9.1;-0.34;1027.77;1027.43;8.3;23;22.5;;0.0
13/06/2023;500;13.4;13.5;13.4;75.5;76;75;9.1;9.2;9.1;0.34;1027.77;1027.09;8.3;23;17.7;;0.0
13/06/2023;600;13.5;13.6;13.5;73.9;75;73;9;9.2;8.8;1.02;1028.78;1027.77;7.3;23;19.3;;0.0
13/06/2023;700;13.8;14;13.6;73;73;73;9;9.2;8.8;0;1029.12;1028.45;7.5;23;20.9;;0.0
13/06/2023;800;14.3;14.5;14;73.4;74;73;9.6;9.9;9.2;0.68;1029.46;1028.78;6.7;23;16.1;;0.0
13/06/2023;900;14.7;15.1;14.5;74.3;75;74;10.2;10.7;9.9;0.68;1030.14;1029.46;6;23;16.1;;0.0
13/06/2023;1000;15.3;15.5;15.1;76.2;79;74;11.1;11.7;10.5;-0.34;1030.14;1029.46;5.6;23;17.7;;0.0
13/06/2023;1100;15.4;15.5;15.4;77.1;78;77;11.5;11.7;11.4;-0.34;1029.8;1029.12;6.1;23;16.1;;0.0
13/06/2023;1200;15.3;15.6;14.4;78.3;84;77;11.5;11.8;11.4;-0.68;1029.46;1028.45;4.8;23;12.9;;0.0
13/06/2023;1300;13.8;14.4;13.7;87.1;88;84;11.7;11.8;11.5;-0.68;1028.78;1028.11;2.8;23;12.9;;0.5
13/06/2023;1400;13.6;13.7;13.5;89.3;91;88;11.8;12.1;11.7;0;1028.45;1027.77;2;23;8;;1.3
13/06/2023;1500;13.4;13.5;13.3;91.1;92;91;12;12.1;11.8;0;1028.45;1028.11;1.4;23;6.4;;1.3
13/06/2023;1600;13.3;13.5;13.2;92.3;93;92;12.1;12.3;11.9;0.34;1028.45;1028.11;3.6;23;12.9;;0.3
13/06/2023;1700;12.9;13.2;12.7;92.3;93;92;11.7;11.9;11.5;0.39;1028.78;1028.45;3.9;23;12.9;;0.5
13/06/2023;1800;12.9;13.1;12.7;94;94;94;12;12.2;11.8;-0.39;1028.78;1028.11;3.7;23;12.9;;0.3
13/06/2023;1900;12.8;12.9;12.8;93.3;94;93;11.8;11.9;11.7;0;1028.78;1028.45;3.3;23;9.7;;0.0
13/06/2023;2000;13.1;13.4;12.9;93.3;94;93;12;12.4;11.8;-0.34;1028.78;1028.11;4;23;11.3;;0.3
13/06/2023;2100;13.7;13.9;13.4;92.5;93;92;12.5;12.6;12.3;0.34;1028.45;1027.77;4.1;23;12.9;;0.0
13/06/2023;2200;14.1;14.1;13.9;91.3;92;91;12.7;12.8;12.4;-1.02;1028.45;1027.43;5.1;23;12.9;;0.0
13/06/2023;2300;14;14.1;14;93.1;94;92;12.9;13.2;12.7;-0.34;1027.77;1027.09;4.7;23;16.1;;0.3
14/06/2023;000;14.1;14.2;14.1;94;94;94;13.2;13.3;13.2;0;1027.43;1027.09;4.8;23;12.9;;0.3
14/06/2023;100;14.2;14.3;14.2;94.8;95;94;13.4;13.5;13.3;-0.34;1027.09;1026.75;5.2;23;11.3;;0.3
14/06/2023;200;14.3;14.3;14.2;95.7;96;95;13.6;13.7;13.5;-0.34;1026.75;1026.41;5;23;12.9;;1.0
14/06/2023;300;14.2;14.3;14.2;96.3;97;96;13.7;13.8;13.6;-0.34;1026.41;1026.08;4.5;23;12.9;;2.5
14/06/2023;400;14.3;14.5;14.3;97;97;97;13.9;14.1;13.8;0;1026.41;1025.74;5;23;14.5;;1.5
14/06/2023;500;14.5;14.8;14.5;97;97;97;14.1;14.3;14.1;0;1026.08;1025.74;3.2;23;11.3;;1.0
14/06/2023;600;15;15.3;14.8;97;97;97;14.5;14.8;14.3;0.34;1026.41;1025.74;3.9;23;14.5;;0.5
14/06/2023;700;15.1;15.5;14.8;97;97;97;14.6;15;14.3;0.34;1026.75;1026.41;3.5;23;9.7;;0.5
14/06/2023;800;15.5;15.6;15.4;97;97;97;15;15.1;14.9;0.34;1027.09;1026.75;5.7;23;16.1;;1.0
14/06/2023;900;15.9;16.1;15.6;97;97;97;15.4;15.6;15.1;0.34;1027.43;1027.09;5.4;23;16.1;;1.0
14/06/2023;1000;16.2;16.3;16.1;97;97;97;15.7;15.8;15.6;-0.34;1027.43;1027.09;4.9;23;17.7;;1.0
14/06/2023;1100;16.5;16.7;16.3;97;97;97;16;16.2;15.8;-0.34;1027.43;1026.75;3.2;23;11.3;;0.5
14/06/2023;1200;16.6;16.7;16.4;96.7;97;95;16.1;16.2;15.6;-0.68;1026.75;1026.08;5.6;23;12.9;;0.5
14/06/2023;1300;16.9;17.4;16.4;92.3;95;88;15.6;15.9;15.3;-1.02;1026.08;1024.72;5.6;23;17.7;;0.5
14/06/2023;1400;17.8;18;17.4;86.2;88;84;15.5;15.7;15.3;0;1025.06;1024.72;6.4;23;19.3;;0.0
14/06/2023;1500;17.1;17.4;16.6;90.5;95;87;15.5;15.9;15.1;0.34;1025.4;1025.06;8.4;23;20.9;;2.3
14/06/2023;1600;16.4;16.6;16;95.7;96;95;15.7;15.9;15.2;0.68;1026.08;1025.4;9.3;23;20.9;;4.8
14/06/2023;1700;16;16.4;15.8;95;95;95;15.2;15.6;15;0;1026.08;1025.74;9;23;19.3;;2.8
14/06/2023;1800;16.2;16.4;15.8;94.7;95;94;15.4;15.6;14.8;0;1026.08;1025.4;9.7;23;24.1;;1.8
14/06/2023;1900;16.1;16.3;15.8;94.5;95;94;15.2;15.4;14.8;0.34;1026.41;1025.74;8.4;23;24.1;;0.5
14/06/2023;2000;16.1;16.4;15.9;94.4;96;94;15.2;15.7;14.9;-0.34;1026.41;1026.08;6.4;23;17.7;;1.5
14/06/2023;2100;16.6;16.9;16.3;96;96;96;16;16.2;15.6;0;1026.08;1026.08;7.4;23;16.1;;2.5
14/06/2023;2200;16.7;17.1;16.4;96.1;97;96;16.1;16.6;15.7;0;1026.41;1026.08;7.8;23;16.1;;4.1
14/06/2023;2300;16.9;17.1;16.3;97;97;97;16.4;16.6;15.8;0;1026.08;1026.08;4.9;23;16.1;;5.1
15/06/2023;000;16.5;16.9;16;97;97;97;16;16.4;15.5;-1.02;1026.08;1025.06;4.2;23;19.3;;6.6
15/06/2023;100;16.8;16.9;16.7;97;97;97;16.3;16.4;16.2;-1.02;1025.06;1024.04;8.4;23;20.9;;3.1
15/06/2023;200;17.4;17.7;16.8;96.8;97;96;16.9;17.1;16.3;-1.02;1024.04;1023.03;7.4;23;17.7;;0.0
15/06/2023;300;17.9;18;17.7;95.1;96;94;17.1;17.2;16.8;-0.34;1023.03;1022.69;7;23;16.1;;1.3
15/06/2023;400;17.6;18;17.5;96.1;97;95;17;17.3;16.8;-0.68;1022.69;1022.01;8.1;23;16.1;;3.6
15/06/2023;500;17.7;17.9;17.4;97;97;97;17.2;17.4;16.9;-0.34;1022.01;1021.67;7.8;23;19.3;;3.3
15/06/2023;600;18;18.1;17.9;97.3;98;97;17.6;17.8;17.4;0.68;1022.35;1021.67;7.6;23;16.1;;4.8
15/06/2023;700;17.9;18.1;17.6;98;98;98;17.6;17.8;17.3;-0.34;1022.69;1022.01;8.6;23;17.7;;11.9
15/06/2023;800;17.8;18.1;17.6;98;98;98;17.5;17.8;17.3;-0.34;1022.01;1021.33;7.2;23;17.7;;9.2
15/06/2023;900;18.5;18.7;18.1;98;98;98;18.2;18.4;17.8;-0.34;1021.67;1021;4.3;23;16.1;;17.3
15/06/2023;1000;19.2;19.5;18.7;98;98;98;18.9;19.2;18.4;-0.68;1021.33;1020.66;5.4;23;17.7;;8.9
15/06/2023;1100;19.8;20;19.5;98;98;98;19.5;19.7;19.2;-1.36;1020.66;1019.3;9.1;23;24.1;;10.2
15/06/2023;1200;20.1;20.1;20;98;98;98;19.8;19.8;19.7;-3.75;1019.3;1015.58;12.5;23;35.4;;2.3
15/06/2023;1300;20.5;20.9;20.1;97.1;98;97;20.1;20.4;19.7;0.34;1016.59;1014.9;12.5;23;35.4;;0.5
15/06/2023;1400;20.9;21;20.9;96.3;97;96;20.3;20.5;20.2;-0.69;1016.26;1015.24;8.6;23;19.3;;0.5
15/06/2023;1500;21.1;21.4;20.8;94.4;96;92;20.2;20.4;19.9;-0.34;1015.24;1014.56;9.5;23;17.7;;0.0
15/06/2023;1600;20.4;21;20.2;94;94;94;19.4;20;19.2;0;1014.9;1014.56;12.4;23;20.9;;0.0
15/06/2023;1700;20.1;20.2;20.1;92.6;94;91;18.9;19.2;18.6;0;1015.24;1014.9;13.7;23;22.5;;0.0
15/06/2023;1800;20.1;20.1;20.1;92.5;93;91;18.9;18.9;18.6;0;1015.24;1014.9;12.6;23;24.1;;0.0
15/06/2023;1900;19.1;20.3;17.7;94.2;96;93;18.1;19.3;16.9;0.68;1015.92;1014.9;14.5;23;37;;4.3
15/06/2023;2000;17.8;18.1;17.7;96.4;97;96;17.2;17.5;17.1;-0.34;1015.58;1015.24;8.2;23;16.1;;0.3
15/06/2023;2100;18.1;18.2;18;95.1;97;93;17.3;17.6;16.8;0.34;1015.58;1015.24;12.3;23;24.1;;0.0
15/06/2023;2200;17.9;18;17.7;88.2;93;85;15.9;16.8;15.2;0;1015.58;1015.58;13.8;23;22.5;;0.0
15/06/2023;2300;17.7;18.1;17.4;84.4;86;83;15;15.3;14.8;0;1015.58;1015.58;11.5;23;19.3;;0.0
16/06/2023;000;17.1;17.6;16.6;83.9;85;83;14.4;14.9;13.9;-0.34;1015.58;1015.24;8.4;23;16.1;;0.0
16/06/2023;100;17;17.3;16.8;83;85;81;14.1;14.3;13.7;-0.34;1015.24;1014.9;11.1;23;17.7;;0.0
16/06/2023;200;16.6;17;16.3;82.6;83;81;13.6;13.8;13.4;-0.34;1014.9;1014.56;11.4;23;17.7;;0.0
16/06/2023;300;16.4;16.6;16.1;82.5;83;82;13.4;13.7;13.2;-0.68;1014.56;1013.88;11.8;23;24.1;;0.0
16/06/2023;400;16.8;17.8;15.9;78.3;83;72;13;13.3;12.6;-1.36;1013.88;1012.53;16.5;23;33.8;;0.0
16/06/2023;500;17.6;17.9;17.3;72;73;70;12.4;12.7;12.2;1.02;1013.55;1012.53;18.9;23;43.5;;0.3
16/06/2023;600;17.5;17.9;17.1;71.8;74;69;12.3;12.6;12.1;0.68;1014.22;1013.55;16.6;23;35.4;;0.0
16/06/2023;700;17.9;18.2;17.6;70.8;71;70;12.5;12.8;12.3;0.68;1014.9;1013.88;19;23;32.2;;0.0
16/06/2023;800;18.3;18.8;17.9;71.5;73;69;13.1;13.6;12.8;0;1014.9;1014.56;20.2;23;35.4;;0.0
16/06/2023;900;19.3;19.7;18.8;70.6;72;69;13.8;14.5;13.2;0.34;1015.24;1014.56;19.6;23;32.2;;0.0
16/06/2023;1000;20.5;21.3;19.5;67.9;72;64;14.3;14.7;14.1;-0.34;1015.58;1014.9;18.5;23;32.2;;0.0
16/06/2023;1100;22.1;22.9;21.3;60.4;65;58;14.1;14.6;13.6;0;1015.24;1014.9;16.3;23;33.8;;0.0
16/06/2023;1200;23.3;23.8;22.8;56.6;59;54;14.1;14.8;13.6;-0.34;1014.9;1014.22;11;23;27.4;;0.0
16/06/2023;1300;23.8;24.1;23.4;54.4;56;53;14;14.8;13.4;-0.68;1014.56;1013.88;11.4;23;25.7;;0.0
16/06/2023;1400;24;24.3;23.7;54.7;56;53;14.3;14.7;13.7;0.68;1014.56;1013.88;11.4;23;27.4;;0.0
16/06/2023;1500;23.7;24.1;23.4;55.5;56;55;14.2;14.6;13.8;0.68;1015.24;1014.22;13.2;23;27.4;;0.0
16/06/2023;1600;23.1;23.7;22.2;57;60;55;14.1;14.4;13.8;0.68;1015.92;1015.24;10.8;23;22.5;;0.0
16/06/2023;1700;21.6;22.2;20.9;62.3;65;60;14;14.1;13.8;1.02;1016.93;1015.92;8.1;23;16.1;;0.0
16/06/2023;1800;20.6;20.9;20.2;66.1;67;65;14;14.2;13.9;1.02;1017.95;1016.93;7.1;23;16.1;;0.0
16/06/2023;1900;19.3;20.2;17.9;70.5;76;67;13.8;14;13.6;0.68;1018.96;1017.95;2.8;23;12.9;;0.0
16/06/2023;2000;16.4;17.9;15.4;81.4;85;76;13.2;13.7;12.7;1.02;1019.64;1018.63;0.1;23;3.2;;0.0
16/06/2023;2100;17.1;21.5;15;80;87;72;13.6;16.2;12.4;0.68;1020.32;1019.64;0.3;23;3.2;;0.0
16/06/2023;2200;15;16.7;14.3;85.4;88;81;12.6;13.7;11.9;0.34;1020.66;1019.98;0.3;23;3.2;;0.0
16/06/2023;2300;13.8;15.4;13;86.8;89;84;11.6;12.7;11.1;0.34;1021;1020.66;0.2;23;3.2;;0.0
17/06/2023;000;12.8;13.2;12.5;89.9;91;89;11.2;11.4;10.9;0;1021;1021;0.8;23;6.4;;0.0
17/06/2023;100;12.9;13.5;12.4;89.5;91;87;11.2;11.4;10.9;0;1021.33;1021;0.8;23;4.8;;0.0
17/06/2023;200;13.3;13.5;13.1;85.2;88;85;10.9;11.2;10.8;0.34;1021.33;1021;0.4;23;3.2;;0.0
17/06/2023;300;13.4;13.8;12.7;85.5;88;84;11;11.3;10.8;0.34;1021.67;1021.33;0.2;23;3.2;;0.0
17/06/2023;400;12.1;12.7;11.5;88.9;91;88;10.3;10.8;9.9;0.34;1022.01;1021.67;0;23;0;;0.0
17/06/2023;500;12.4;13;11.5;90.8;93;90;10.9;11.4;9.9;0.68;1022.69;1022.01;0.4;23;8;;0.0
17/06/2023;600;12.6;12.9;12.1;90;90;90;10.9;11.3;10.5;0.34;1023.03;1022.69;0;23;0;;0.0
17/06/2023;700;12;12.9;11.9;91.6;93;91;10.7;11.8;10.4;0.68;1024.04;1023.03;0;23;0;;0.0
17/06/2023;800;15.3;17.3;12.9;85.2;93;79;12.8;14;11.8;0.34;1024.04;1023.71;0;23;0;;0.0
17/06/2023;900;19.2;20.1;17.4;69.6;78;64;13.5;14.1;12.7;0.68;1024.72;1024.04;0.7;23;6.4;;0.0
17/06/2023;1000;19.9;20.2;19.7;65.5;68;64;13.3;14;12.8;-0.34;1024.72;1024.38;5.2;23;11.3;;0.0
17/06/2023;1100;20.3;20.6;20;67.1;68;65;14;14.5;13.6;-0.34;1024.72;1024.04;6;23;12.9;;0.0
17/06/2023;1200;20.5;20.9;20.2;65.8;67;64;13.9;14.3;13.4;-0.68;1024.04;1023.37;6.1;23;12.9;;0.0
17/06/2023;1300;20.5;20.7;20.1;66.9;68;66;14.1;14.6;13.7;-0.68;1023.37;1022.69;6.6;23;16.1;;0.0
17/06/2023;1400;20.3;20.7;20;67.9;70;65;14.2;14.5;13.7;0;1022.69;1022.69;6.5;23;14.5;;0.0
17/06/2023;1500;19.7;20.1;19.2;71.7;74;69;14.4;14.7;14.1;0;1022.69;1022.35;6.6;23;14.5;;0.0
17/06/2023;1600;18.5;19.2;17.6;76.3;78;74;14.2;14.5;13.7;0.68;1023.37;1022.69;5.8;23;14.5;;0.0
17/06/2023;1700;16.9;17.9;16.4;80.1;81;78;13.4;14;13.1;0.68;1024.04;1023.37;3.9;23;11.3;;0.0
17/06/2023;1800;16.7;17;16.4;80.6;81;80;13.4;13.5;13.1;0.34;1024.38;1024.04;5.1;23;14.5;;0.0
17/06/2023;1900;16.9;17;16.8;80;80;80;13.4;13.5;13.3;0.68;1025.06;1024.38;4.7;23;12.9;;0.0
17/06/2023;2000;16.5;16.8;16.3;78.9;80;78;12.9;13.3;12.4;0.34;1025.4;1025.06;2.8;23;9.7;;0.0
17/06/2023;2100;16;16.3;15.8;79.4;80;78;12.5;12.6;12.3;0;1025.4;1025.4;1.5;23;8;;0.0
17/06/2023;2200;15.9;16;15.8;79.9;80;79;12.5;12.6;12.3;0.34;1025.74;1025.4;2.4;23;9.7;;0.0
17/06/2023;2300;15.9;16;15.6;79;79;79;12.2;12.3;12;-0.34;1025.74;1025.4;1.6;23;6.4;;0.0
18/06/2023;000;15.3;15.6;15;79.7;81;79;11.8;12;11.7;0;1025.4;1025.06;0.4;23;4.8;;0.0
18/06/2023;100;14.8;15;14.5;80.5;81;80;11.5;11.8;11.1;-0.34;1025.4;1025.06;0.3;23;4.8;;0.0
18/06/2023;200;14.2;14.5;13.6;80.8;83;80;11;11.1;10.8;-0.34;1025.06;1024.72;0.1;23;3.2;;0.0
18/06/2023;300;13.4;13.6;13.3;83;83;83;10.5;10.8;10.4;0;1024.72;1024.72;0;23;0;;0.0
18/06/2023;400;13.2;13.3;13;82.9;83;82;10.3;10.4;10.1;0;1024.72;1024.72;0.1;23;3.2;;0.0
18/06/2023;500;13.4;13.6;13.1;83.9;85;82;10.7;10.9;10.2;0.68;1025.4;1024.72;1.8;23;6.4;;0.0
18/06/2023;600;12.6;13.1;12.1;85.2;87;84;10.2;10.4;9.9;0.68;1026.08;1025.4;0.1;23;3.2;;0.0
18/06/2023;700;12;13.1;11.8;87.9;89;83;10.1;10.5;9.8;0.68;1026.75;1026.08;0;23;0;;0.0
18/06/2023;800;14.1;14.8;13.2;73.8;84;69;9.5;10.6;8.7;0.68;1027.43;1026.75;1.8;23;8;;0.0
18/06/2023;900;15.1;16.6;14;66.3;72;58;8.8;9.2;8.2;0.34;1027.77;1027.43;3.1;23;12.9;;0.0
18/06/2023;1000;17.3;18.1;16.5;53.4;59;50;7.7;8.7;6.8;0;1028.11;1027.77;5.8;23;14.5;;0.0
18/06/2023;1100;18.2;18.7;17.7;51.1;52;49;7.9;8.6;7.2;-0.68;1027.77;1027.09;6.9;23;20.9;;0.0
18/06/2023;1200;18.6;18.9;18.3;50.2;52;49;8.1;8.7;7.6;-0.68;1027.09;1026.41;8.2;23;19.3;;0.0
18/06/2023;1300;18.7;19.1;18.4;50.3;52;48;8.1;8.4;7.6;-0.68;1026.41;1025.74;7.7;23;14.5;;0.0
18/06/2023;1400;18.5;19;18.2;50.9;52;49;8.1;8.6;7.7;0;1025.74;1025.4;6.7;23;16.1;;0.0
18/06/2023;1500;18.1;18.4;17.6;53.4;56;52;8.4;9.2;8;0.34;1026.08;1025.74;5.2;23;11.3;;0.0
18/06/2023;1600;17.1;17.9;16.1;57.2;65;54;8.6;9.5;8;0.34;1026.41;1026.08;2.8;23;9.7;;0.0
18/06/2023;1700;14.9;17.1;12.3;68.9;77;60;9.1;9.7;8.4;0.68;1027.09;1026.41;0.3;23;3.2;;0.0
18/06/2023;1800;11;12.3;10;81.9;84;77;8;8.5;7.3;0.34;1027.43;1027.09;0;23;0;;0.0
18/06/2023;1900;9.5;10.1;9.1;86.5;88;84;7.4;8.2;7;0.68;1028.11;1027.43;0;23;0;;0.0
18/06/2023;2000;8.9;9.1;8.5;89.9;91;88;7.4;7.7;6.9;0;1028.11;1027.77;0;23;0;;0.0
18/06/2023;2100;8.5;8.7;8.3;91.9;93;90;7.3;7.7;6.9;0.34;1028.45;1028.11;0;23;0;;0.0
18/06/2023;2200;8.2;8.4;8;92;92;92;7;7.2;6.8;0.34;1028.78;1028.45;0;23;0;;0.0
18/06/2023;2300;7.8;8;7.6;92;92;92;6.5;6.8;6.4;0;1028.78;1028.78;0;23;0;;0.0
19/06/2023;000;7.4;7.8;7;92.1;93;92;6.2;6.6;5.8;0;1029.12;1028.78;0;23;0;;0.0
19/06/2023;100;6.8;7;6.7;92.3;93;92;5.6;5.9;5.5;-0.34;1028.78;1028.45;0;23;0;;0.0
19/06/2023;200;6.9;7.1;6.5;93;94;93;5.8;6.2;5.4;-0.34;1028.45;1028.11;0;23;0;;0.0
19/06/2023;300;6.1;6.5;5.7;92.6;93;92;5;5.4;4.5;0;1028.45;1028.11;0;23;0;;0.0
19/06/2023;400;5.6;5.9;5.5;92.5;93;92;4.5;4.8;4.3;-0.34;1028.11;1027.77;0;23;0;;0.0
19/06/2023;500;5.6;6.2;5.3;93.9;94;93;4.7;5.3;4.4;0.68;1028.45;1027.77;0;23;0;;0.0
19/06/2023;600;5.3;5.7;5.1;94.3;95;94;4.5;5;4.2;0.68;1029.12;1028.45;0;23;0;;0.0
19/06/2023;700;5.9;7.6;5.1;94.9;96;94;5.2;7;4.2;0.34;1029.46;1029.12;0;23;0;;0.0
19/06/2023;800;10.3;13.2;7.6;93.2;96;89;9.2;11.4;7;0.34;1029.8;1029.46;0;23;0;;0.0
19/06/2023;900;15.7;17.4;13.2;79.2;89;69;12.1;12.9;11.1;0.34;1030.14;1029.8;1.9;23;9.7;;0.0
19/06/2023;1000;17.8;18.8;17.1;67.2;70;65;11.6;12.5;11.1;0;1030.14;1030.14;6.9;23;11.3;;0.0
19/06/2023;1100;18.7;19.5;18.2;64.6;66;62;11.9;12.6;11.1;-0.68;1030.14;1029.46;7.7;23;14.5;;0.0
19/06/2023;1200;19;19.4;18.4;65.5;67;64;12.3;12.9;11.8;-0.68;1029.46;1028.78;11.2;23;19.3;;0.0
19/06/2023;1300;19.1;19.7;18.5;62.4;66;58;11.8;12.5;11;-1.02;1028.78;1027.77;11.2;23;19.3;;0.0
19/06/2023;1400;19.2;19.8;18.8;60.8;65;58;11.5;12.4;10.7;-0.34;1027.77;1027.43;11.2;23;19.3;;0.0
19/06/2023;1500;18.6;19.2;18.2;66.5;69;63;12.2;12.8;11.6;-0.34;1027.43;1027.09;12.1;23;17.7;;0.0
19/06/2023;1600;18.2;18.5;17.5;66.2;68;65;11.8;12.5;11.1;0;1027.43;1027.09;10.4;23;16.1;;0.0
19/06/2023;1700;16.6;17.4;16;69.1;72;66;10.9;11.2;10.6;0.34;1027.43;1027.09;7.7;23;14.5;;0.0
19/06/2023;1800;15.8;16;15.3;71;73;70;10.6;10.9;10.4;0;1027.43;1027.43;5.4;23;9.7;;0.0
19/06/2023;1900;14.5;15.4;13.8;75.4;79;73;10.2;10.6;9.8;0.68;1028.11;1027.43;0.4;23;4.8;;0.0
19/06/2023;2000;14.1;14.3;13.8;80.7;82;79;10.8;11.2;10.2;0.68;1028.78;1028.11;0.1;23;3.2;;0.0
19/06/2023;2100;14.5;14.5;14.3;82;82;82;11.4;11.4;11.2;-0.34;1028.78;1028.45;0;23;0;;0.0
19/06/2023;2200;15;16.4;14.5;81.1;83;76;11.8;12.2;11.4;0;1028.45;1028.45;1.3;23;6.4;;0.0
19/06/2023;2300;16.1;16.7;15.7;77.3;79;73;12.2;12.4;11.4;0;1028.45;1028.11;2.8;23;11.3;;0.0
20/06/2023;000;16.9;17.4;16.4;70.1;72;68;11.5;11.7;11.2;-0.68;1028.45;1027.77;6.1;23;16.1;;0.0
20/06/2023;100;16.8;17;16.6;72.9;75;71;11.9;12.3;11.5;0;1028.11;1027.77;5.5;23;11.3;;0.0
20/06/2023;200;16.4;16.9;16.1;76.8;78;75;12.4;12.4;12.2;-0.34;1027.77;1027.43;4.4;23;8;;0.0
20/06/2023;300;16.2;16.4;15.9;77.8;79;77;12.4;12.4;12.2;-0.34;1027.43;1027.09;4;23;8;;0.0
20/06/2023;400;16.3;16.4;16.3;77.9;79;77;12.5;12.6;12.2;-0.68;1027.09;1026.41;5.1;23;11.3;;0.0
20/06/2023;500;16.3;16.4;16.2;77.6;78;77;12.4;12.6;12.2;0;1026.41;1026.41;6.7;23;9.7;;0.0
20/06/2023;600;16.2;16.4;16;77.6;78;76;12.2;12.4;12.2;0;1026.41;1026.08;7.7;23;14.5;;0.0
20/06/2023;700;16.5;16.8;16.2;75.8;77;74;12.2;12.3;12.1;0.34;1027.09;1026.41;9.6;23;16.1;;0.0
20/06/2023;800;17.1;17.7;16.7;74.4;76;71;12.6;13;12.1;0;1026.75;1026.41;10;23;20.9;;0.0
20/06/2023;900;18.4;18.9;17.7;68.4;71;66;12.5;12.9;12.2;0.34;1027.09;1026.75;13.2;23;24.1;;0.0
20/06/2023;1000;19.3;19.8;18.7;65;67;64;12.6;13;12.3;-0.34;1027.09;1026.75;15.7;23;24.1;;0.0
20/06/2023;1100;20;20.4;19.4;63.8;65;63;12.9;13.4;12.4;-0.68;1026.75;1026.08;16;23;24.1;;0.0
20/06/2023;1200;20.6;21.1;20.1;63.3;65;62;13.4;13.8;13;-1.36;1026.08;1024.72;15.9;23;24.1;;0.0
20/06/2023;1300;20.9;21.4;20.6;62;63;61;13.3;13.9;12.9;-0.68;1024.72;1024.04;18;23;25.7;;0.0
20/06/2023;1400;21;21.6;20.5;63.8;66;61;13.9;14.4;13.3;-0.68;1024.04;1023.37;16.8;23;27.4;;0.0
20/06/2023;1500;20.5;20.8;20.2;67.5;70;66;14.3;14.6;13.8;0;1023.37;1023.03;14.5;23;22.5;;0.0
20/06/2023;1600;19.9;20.2;19;71.1;74;69;14.5;14.8;14.2;-0.34;1023.37;1023.03;11.1;23;19.3;;0.0
20/06/2023;1700;18.5;19;18.1;76.9;78;74;14.4;14.8;13.8;0;1023.37;1023.03;11.5;23;17.7;;0.0
20/06/2023;1800;17.9;18.2;17.2;79.7;81;77;14.3;14.6;13.9;0;1023.03;1023.03;7.7;23;14.5;;0.0
20/06/2023;1900;17;17.4;16.2;81.1;84;80;13.7;14;13.4;0.68;1023.71;1023.03;6.6;23;12.9;;0.0
20/06/2023;2000;15.5;16.1;15.1;87.4;89;84;13.4;13.6;13.1;0.34;1024.04;1023.71;2.1;23;4.8;;0.0
20/06/2023;2100;14.5;15.1;14.2;89.8;93;88;12.9;13.7;12.3;0;1024.04;1024.04;0.2;23;3.2;;0.0
20/06/2023;2200;15.1;15.4;14.7;93.2;94;93;14;14.3;13.6;0;1024.04;1024.04;2.3;23;8;;0.0
20/06/2023;2300;14.5;14.7;14.3;94;94;94;13.5;13.8;13.3;0;1024.04;1023.71;1.6;23;4.8;;0.0
21/06/2023;000;14.9;15.4;14.5;90.9;94;89;13.4;13.7;13;-0.34;1024.04;1023.71;4.2;23;6.4;;0.0
21/06/2023;100;16.4;17.3;15.4;86.9;89;85;14.2;14.7;13.6;-0.34;1023.71;1023.37;6;23;12.9;;0.0
21/06/2023;200;16.3;17.2;15.9;87.8;89;86;14.3;14.9;13.9;-1.02;1023.37;1022.35;4.6;23;11.3;;0.0
21/06/2023;300;16.3;16.7;16.1;89;90;87;14.5;14.9;14.2;0;1022.35;1022.35;2.7;23;8;;0.0
21/06/2023;400;16.6;17.1;16.2;88.7;89;88;14.7;15.1;14.4;-0.34;1022.35;1022.01;2.7;23;9.7;;0.0
21/06/2023;500;16;16.2;15.7;90.4;92;89;14.4;14.6;14.2;0;1022.01;1021.67;2.3;23;6.4;;0.0
21/06/2023;600;16.1;17.3;15.5;91.2;92;88;14.6;15.4;14.2;0.68;1022.69;1022.01;5.2;23;11.3;;0.0
21/06/2023;700;16.5;17.3;16;90.6;92;88;15;15.4;14.7;0;1022.69;1022.35;3.7;23;11.3;;0.0
21/06/2023;800;18.7;19.5;17.3;84;88;82;16;16.4;15.3;0.34;1023.03;1022.69;7.7;23;17.7;;0.0
21/06/2023;900;19.6;20.7;18.5;82;84;80;16.5;17.2;15.7;0.34;1023.37;1023.03;9.1;23;16.1;;0.0
21/06/2023;1000;20.8;21.2;20.5;78.9;80;78;17;17.3;16.7;-0.34;1023.37;1022.69;11.9;23;17.7;;0.0
21/06/2023;1100;21.3;22;20.7;78.1;79;77;17.3;17.9;16.9;0;1023.03;1022.69;12;23;20.9;;0.0
21/06/2023;1200;22;22.6;21.5;77.2;78;76;17.9;18.2;17.5;-1.36;1023.03;1021.33;13.1;23;24.1;;0.0
21/06/2023;1300;22.3;23;21.7;77.2;78;77;18.1;18.7;17.7;-0.68;1021.67;1021;13.5;23;24.1;;0.0
21/06/2023;1400;22.2;22.5;21.9;77.1;78;77;18;18.3;17.8;-0.34;1021;1020.32;13.6;23;24.1;;0.0
21/06/2023;1500;21.5;22.4;21;78.6;80;77;17.6;18.2;17.2;-0.68;1020.66;1019.98;11.9;23;19.3;;0.0
21/06/2023;1600;20.6;21.1;20.3;81.6;83;80;17.3;17.7;17.1;0.34;1020.32;1019.98;10.8;23;17.7;;0.0
21/06/2023;1700;20;20.3;19.7;82.4;83;82;16.9;17.1;16.6;-0.34;1020.32;1019.98;9.6;23;16.1;;0.0
21/06/2023;1800;19.7;19.8;19.6;83.2;84;83;16.8;16.9;16.7;0.34;1020.32;1019.98;8.8;23;14.5;;0.0
21/06/2023;1900;19.7;19.8;19.6;84.2;85;84;17;17.1;16.8;0;1020.32;1020.32;7.1;23;12.9;;0.0
21/06/2023;2000;19.5;19.8;19.1;87.2;88;85;17.3;17.4;17.1;-0.34;1020.32;1019.64;5.8;23;11.3;;0.0
21/06/2023;2100;19.3;19.3;19.1;88;88;88;17.2;17.2;17.1;0.34;1020.32;1019.64;6.3;23;11.3;;0.0
21/06/2023;2200;19.3;19.4;19.3;88.7;90;88;17.4;17.6;17.2;0.34;1021;1020.32;8.3;23;14.5;;0.0
21/06/2023;2300;19.1;19.3;19;89.5;90;89;17.4;17.6;17.2;-0.34;1020.66;1020.32;9.1;23;17.7;;0.0
22/06/2023;000;18.8;19.1;18.6;89.8;91;88;17.1;17.3;16.9;-0.68;1020.66;1019.64;9.4;23;16.1;;0.0
22/06/2023;100;18.6;18.7;18.4;90.4;92;90;17;17.3;16.9;0.34;1020.32;1019.3;10.7;23;16.1;;0.0
22/06/2023;200;18.5;18.8;18.3;92.3;93;90;17.2;17.3;17.1;-0.68;1019.98;1019.3;10.5;23;19.3;;0.3
22/06/2023;300;18.5;18.8;18.4;90.4;91;88;16.9;17.1;16.7;0;1019.64;1018.96;9.7;23;17.7;;0.3
22/06/2023;400;18.1;18.8;17.8;92.2;94;88;16.7;16.9;16.6;-0.68;1019.3;1018.63;7.4;23;12.9;;0.3
22/06/2023;500;17.9;18.1;17.8;93.3;94;92;16.8;16.9;16.7;0;1018.96;1018.29;10.1;23;17.7;;0.3
22/06/2023;600;18.3;18.6;18;91;93;90;16.8;16.9;16.7;0.34;1018.96;1018.63;13.7;23;19.3;;0.0
22/06/2023;700;18.2;18.2;18.1;92.8;93;92;17;17.1;16.8;0.68;1019.64;1018.96;11.6;23;19.3;;0.0
22/06/2023;800;18.4;18.7;18.2;92.3;93;91;17.1;17.3;16.9;0.34;1019.98;1019.64;10;23;16.1;;0.0
22/06/2023;900;19.2;19.6;18.7;89.8;91;88;17.5;17.8;17.2;0;1019.98;1019.64;13.1;23;22.5;;0.3
22/06/2023;1000;20.1;20.7;19.6;86.6;88;85;17.7;18.1;17.5;-0.68;1019.98;1019.3;18.4;23;29;;0.0
22/06/2023;1100;20.9;21.6;20.6;84.2;85;83;18.1;18.6;17.9;-0.68;1019.3;1018.63;19.6;23;29;;0.0
22/06/2023;1200;21.5;22.1;21.1;82.8;84;82;18.5;19.1;18.2;-0.68;1018.63;1017.61;20.8;23;30.6;;0.3
22/06/2023;1300;21.1;21.3;21;84.3;85;84;18.3;18.5;18.2;-0.68;1017.95;1017.27;16.6;23;25.7;;0.0
22/06/2023;1400;21.9;22.5;21.3;82.5;84;82;18.8;19.3;18.4;0;1017.61;1017.27;11.9;23;17.7;;0.0
22/06/2023;1500;22.3;22.8;22;78.5;82;76;18.4;18.8;18.2;-0.34;1017.27;1016.93;10.3;23;17.7;;0.0
22/06/2023;1600;22.9;23.2;22.6;74.5;78;72;18.1;18.6;17.8;0;1016.93;1016.59;9.6;23;14.5;;0.0
22/06/2023;1700;21.7;23.3;20.8;80.4;85;72;18.2;18.6;17.9;0;1016.93;1016.59;5.4;23;12.9;;0.0
22/06/2023;1800;20.7;20.9;20.6;85.9;86;85;18.2;18.4;18.2;0.34;1017.27;1016.93;6.4;23;12.9;;0.0
22/06/2023;1900;20.8;20.9;20.5;86;89;85;18.3;18.6;18.2;0.34;1017.61;1017.27;4.4;23;14.5;;0.0
22/06/2023;2000;20.2;20.5;19.8;89.6;90;89;18.4;18.6;18.1;1.36;1018.96;1017.61;4;23;14.5;;0.0
22/06/2023;2100;19.5;19.8;19.2;90.9;91;90;18;18.3;17.7;0.34;1019.3;1018.96;3.9;23;12.9;;0.0
22/06/2023;2200;19.1;19.2;19;89.8;91;89;17.4;17.7;17.2;0;1019.3;1019.3;2.1;23;8;;0.0
22/06/2023;2300;18.7;19;18.4;89.7;91;89;17;17.2;16.8;0;1019.98;1019.3;0.2;23;3.2;;0.0
23/06/2023;000;18.2;18.4;18;91.8;93;91;16.8;16.9;16.7;-1.02;1019.3;1018.29;0.5;23;6.4;;0.5
23/06/2023;100;17.8;18;17.6;93.9;94;93;16.8;17;16.6;-0.34;1018.96;1017.95;0.3;23;4.8;;0.5
23/06/2023;200;17.3;17.6;17.1;94.6;95;94;16.4;16.6;16.3;-0.34;1017.95;1017.61;0;23;0;;0.0
23/06/2023;300;17;17.1;16.9;95.1;96;95;16.2;16.3;16.1;0;1017.61;1017.27;0;23;0;;0.3
23/06/2023;400;16.8;17;16.7;96;96;96;16.1;16.3;16.1;-0.34;1017.61;1016.93;0;23;0;;0.0
23/06/2023;500;16.6;16.8;16.4;96;96;96;15.9;16.1;15.7;0;1017.27;1017.27;0;23;0;;0.0
23/06/2023;600;17.1;17.9;16.5;97;97;96;16.6;17.4;15.8;0.34;1017.95;1017.27;1.9;23;9.7;;0.3
23/06/2023;700;17.9;18;17.9;97;97;97;17.4;17.5;17.4;0;1017.61;1017.27;4.7;23;9.7;;0.5
23/06/2023;800;18.2;18.4;18;97;97;97;17.7;17.9;17.5;0.68;1018.29;1017.61;3.9;23;9.7;;0.8
23/06/2023;900;18.7;18.8;18.4;97;97;97;18.2;18.3;17.9;0.68;1018.96;1017.95;4.7;23;12.9;;1.3
23/06/2023;1000;18.8;19;18.7;96.3;97;96;18.2;18.3;18.1;0.68;1019.64;1018.29;4.3;23;12.9;;0.5
23/06/2023;1100;18.9;19;18.7;96;96;96;18.2;18.3;18.1;0;1019.98;1019.64;0.9;23;8;;0.3
23/06/2023;1200;18.8;18.9;18.7;96;96;96;18.1;18.2;18.1;-1.02;1019.98;1018.63;0.4;23;4.8;;0.5
23/06/2023;1300;18.7;18.8;18.5;95.9;96;94;18;18.1;17.5;-1.36;1018.63;1017.27;4.5;23;9.7;;0.8
23/06/2023;1400;18.8;19;18.4;92.5;95;88;17.5;18;16.8;0;1017.27;1016.59;9.4;23;14.5;;0.8
23/06/2023;1500;19.5;20.2;18.9;85.2;88;81;16.9;17.1;16.7;-2.04;1017.27;1015.24;14.3;23;25.7;;0.3
23/06/2023;1600;19.6;20.2;19.2;84.2;86;81;16.8;17.1;16.6;-0.68;1015.24;1013.55;18.3;23;29;;0.3
23/06/2023;1700;19.2;19.6;18.9;85.5;87;84;16.7;16.9;16.5;1.02;1015.58;1014.56;6.6;23;25.7;;0.0
23/06/2023;1800;18.9;19;18.7;87.5;88;86;16.7;16.8;16.6;0.68;1016.26;1015.24;3.6;23;11.3;;0.0
23/06/2023;1900;18.1;18.7;17.5;89.5;91;88;16.4;16.7;15.8;0.68;1016.93;1016.26;0.3;23;4.8;;0.0
23/06/2023;2000;17.1;17.5;17;92;94;91;15.8;16.1;15.5;0.34;1017.27;1016.93;0;23;0;;0.0
23/06/2023;2100;17.3;17.4;17.1;94;94;94;16.3;16.4;16.1;0;1017.27;1017.27;0.4;23;4.8;;0.0
23/06/2023;2200;17;17.4;16.6;93.7;94;93;16;16.4;15.7;0.34;1017.61;1017.27;0;23;3.2;;0.0
23/06/2023;2300;17.4;18;16.6;91.7;94;89;16;16.2;15.7;-0.68;1017.61;1016.93;3.1;23;8;;0.0
24/06/2023;000;17.9;18.2;17.6;88.8;89;88;16;16.3;15.8;-0.34;1016.93;1016.59;4.1;23;11.3;;0.0
24/06/2023;100;18.1;18.3;17.9;88.7;89;88;16.2;16.4;16;0;1016.59;1016.59;4.4;23;9.7;;0.0
24/06/2023;200;19.3;21.6;17.7;82.2;89;72;16.2;16.6;15.6;-1.02;1016.59;1015.58;5.9;23;17.7;;0.0
24/06/2023;300;21.8;22.1;21.5;70.6;72;69;16.2;16.5;16;-0.34;1015.58;1015.24;8.1;23;17.7;;0.0
24/06/2023;400;21.5;21.9;20.9;71.1;74;69;16;16.2;15.8;-0.34;1015.24;1014.9;5.9;23;14.5;;0.0
24/06/2023;500;19.5;21.3;18.2;80.4;87;71;16;16.4;15.7;0.68;1015.58;1014.9;3.2;23;11.3;;0.0
24/06/2023;600;18.1;18.3;17.9;87.1;88;85;15.9;16.1;15.7;0.68;1016.26;1015.24;6.7;23;14.5;;0.0
24/06/2023;700;18.9;21.7;17.9;82.5;85;73;15.9;16.9;15.3;0.68;1016.93;1016.26;2.9;23;9.7;;0.0
24/06/2023;800;20.9;22;19.9;79.9;82;78;17.3;18.2;16.3;0.68;1017.61;1016.93;2.2;23;8;;0.0
24/06/2023;900;22.9;23.6;22;77.8;80;77;18.8;19.4;18.2;0.68;1018.29;1017.61;4.8;23;11.3;;0.0
24/06/2023;1000;24.3;25.5;23.5;75.6;77;73;19.7;20.3;19;-0.34;1018.29;1017.95;4.9;23;9.7;;0.0
24/06/2023;1100;26;26.6;25.4;71.3;73;69;20.4;21;19.4;-0.34;1017.95;1017.61;8.3;23;14.5;;0.0
24/06/2023;1200;25.3;26;24.9;69.8;71;69;19.4;20.1;19.1;-1.02;1017.61;1016.59;13.1;23;20.9;;0.0
24/06/2023;1300;26.3;27;25.7;67.9;69;66;19.9;20.4;19.3;-0.68;1016.59;1015.92;13.5;23;20.9;;0.0
24/06/2023;1400;26.6;27.1;25.6;69.6;73;66;20.5;21.1;20.2;-0.34;1015.92;1015.58;8.2;23;16.1;;0.0
24/06/2023;1500;25.8;26.5;24.7;72.2;76;70;20.4;20.8;19.9;0;1015.58;1015.58;7;23;12.9;;0.0
24/06/2023;1600;23.5;24.7;22.5;78.6;81;76;19.6;20.2;19.1;1.02;1016.59;1015.58;8.1;23;19.3;;0.0
24/06/2023;1700;22.1;22.7;21.7;80.6;81;80;18.6;19.3;18.1;0.34;1016.93;1016.59;4.1;23;9.7;;0.0
24/06/2023;1800;21.4;21.9;21.3;82.1;83;80;18.2;18.4;18.1;0.34;1017.27;1016.93;6.5;23;12.9;;0.0
24/06/2023;1900;21.3;21.4;21.2;83;83;83;18.3;18.4;18.2;0;1017.27;1017.27;9.3;23;14.5;;0.0
24/06/2023;2000;21.6;22.3;21.2;81.8;83;80;18.4;18.7;18.2;0.34;1017.61;1017.27;9.2;23;14.5;;0.0
24/06/2023;2100;22.6;23.2;22.1;79.2;80;78;18.8;19.2;18.5;0.34;1017.95;1017.61;10.8;23;16.1;;0.0
24/06/2023;2200;22.5;23;21.8;80;81;79;18.8;19.2;18.4;0.68;1018.63;1017.95;9.4;23;14.5;;0.0
24/06/2023;2300;21.4;22.3;20.5;84.6;88;81;18.7;19;18.4;0;1018.96;1018.63;4.3;23;12.9;;0.0
25/06/2023;000;20.2;20.5;19.9;88.2;89;88;18.2;18.4;18;0;1018.96;1018.63;3.4;23;8;;0.0
25/06/2023;100;21.6;26.2;19.6;83.3;91;67;18.5;19.6;17.7;-0.68;1018.63;1017.95;5.8;23;19.3;;0.0
25/06/2023;200;26.2;26.5;25.6;65;67;64;19.1;19.6;18.7;-0.34;1017.95;1017.61;13.4;23;22.5;;0.0
25/06/2023;300;24.5;25.8;22.4;69.6;78;64;18.5;18.8;18.2;0;1017.61;1017.27;4.7;23;12.9;;0.0
25/06/2023;400;21.2;22.4;20.3;81;85;78;17.8;18.3;17.6;0;1017.61;1017.27;1.5;23;6.4;;0.0
25/06/2023;500;19.5;20.3;19;87.2;90;85;17.3;17.7;17;0.34;1017.95;1017.61;3;23;8;;0.0
25/06/2023;600;18.9;19;18.8;90.8;91;90;17.4;17.5;17.2;0.68;1018.63;1017.95;2.6;23;8;;0.0
25/06/2023;700;19.2;19.9;18.8;89.8;91;88;17.5;17.8;17.3;1.02;1019.64;1018.63;2.5;23;8;;0.0
25/06/2023;800;21.3;23.2;19.9;83.9;88;78;18.5;19.4;17.8;-0.34;1019.64;1019.3;2.7;23;9.7;;0.0
25/06/2023;900;24.2;24.6;23.2;75;78;73;19.5;19.9;19.2;0.68;1019.98;1019.3;12.2;23;22.5;;0.0
25/06/2023;1000;25.2;26.2;24.5;71.1;74;68;19.6;20.1;19.3;-0.68;1019.98;1019.3;12.4;23;22.5;;0.0
25/06/2023;1100;26.9;27.5;26;66.9;69;64;20.2;20.7;19.6;-0.68;1019.3;1018.63;12.1;23;20.9;;0.0
25/06/2023;1200;27.7;28.2;27.2;62.2;64;61;19.8;20.2;19.6;-0.34;1018.63;1018.29;13.9;23;22.5;;0.0
25/06/2023;1300;28.9;30.3;28;57.9;62;51;19.7;20.2;19;-0.68;1018.29;1017.61;11.6;23;19.3;;0.0
25/06/2023;1400;30.4;30.9;29.4;53.5;57;50;19.8;20.6;19.2;0.68;1018.29;1017.61;8.4;23;14.5;;0.0
25/06/2023;1500;30;30.8;28.8;52.7;58;49;19.2;20.2;18.6;-0.34;1018.29;1017.95;9.6;23;14.5;;0.0
25/06/2023;1600;28.3;28.8;26.8;55.9;61;54;18.6;18.8;18.4;-0.34;1017.95;1017.61;9.8;23;14.5;;0.0
25/06/2023;1700;24.6;26.8;22.4;72.4;80;61;19.2;20.2;18.4;0;1017.61;1017.27;4.6;23;16.1;;0.0
25/06/2023;1800;23.8;24.6;22.7;74.5;79;71;19;19.3;18.7;0.34;1017.95;1017.61;7.1;23;14.5;;0.0
25/06/2023;1900;23;23.6;22.6;77.9;79;76;18.9;19.2;18.7;0.34;1018.29;1017.95;5.5;23;11.3;;0.0
25/06/2023;2000;22.3;22.7;21.5;80.5;84;78;18.8;18.9;18.6;0.34;1018.63;1017.95;5.1;23;11.3;;0.0
25/06/2023;2100;21;21.5;20.6;86.2;88;84;18.6;18.9;18.3;0.68;1019.3;1018.63;3.5;23;9.7;;0.0
25/06/2023;2200;21;21.8;20.5;83.5;86;81;18.1;18.6;17.7;0.34;1019.64;1019.3;2.5;23;8;;0.0
25/06/2023;2300;19.5;20.5;18.7;86.4;88;84;17.2;17.9;16.7;0;1019.64;1019.3;0;23;0;;0.0
26/06/2023;000;18.2;18.7;17.7;90.8;92;88;16.6;16.9;16.4;-0.34;1019.64;1019.3;0;23;0;;0.0
26/06/2023;100;17.4;17.7;17.1;92.7;94;92;16.1;16.4;15.9;0;1019.3;1019.3;0;23;0;;0.0
26/06/2023;200;16.8;17.1;16.5;94;94;94;15.8;16.1;15.6;0;1019.3;1018.96;0;23;0;;0.0
26/06/2023;300;16.1;16.5;15.7;94;94;94;15.1;15.6;14.8;-0.34;1019.3;1018.96;0;23;0;;0.0
26/06/2023;400;16.4;16.8;15.7;95.7;96;94;15.7;16.1;14.8;0;1018.96;1018.63;0;23;0;;0.0
26/06/2023;500;16.2;16.6;15.9;95.4;96;95;15.4;15.9;15.1;0;1018.96;1018.96;0;23;0;;0.0
26/06/2023;600;15.8;16.2;15.2;95;95;95;15.1;15.4;14.4;0.68;1019.64;1018.96;0;23;0;;0.0
26/06/2023;700;15.6;17.4;14.9;94.9;96;93;14.8;16.3;14.1;0.34;1019.98;1019.64;0.5;23;8;;0.0
26/06/2023;800;18.7;20.1;17.4;90.4;93;87;17.1;17.9;16.2;1.02;1021;1019.98;3.6;23;8;;0.0
26/06/2023;900;22.4;24.1;20.1;81.4;87;77;19;19.9;17.9;0.34;1021.33;1021;2.5;23;8;;0.0
26/06/2023;1000;25.3;26.7;24.1;73.7;77;70;20.3;21;19.7;-0.34;1021.33;1020.66;4.6;23;9.7;;0.0
26/06/2023;1100;26.6;27.6;26.2;70.3;72;68;20.7;21.7;19.8;-0.68;1021;1020.32;6;23;12.9;;0.0
26/06/2023;1200;25.9;26.5;25;71.5;75;68;20.3;21;19.7;-0.68;1020.32;1019.64;10.8;23;16.1;;0.0
26/06/2023;1300;25.3;26;24.5;74.9;77;73;20.5;21.1;19.8;-0.68;1019.64;1018.96;11.8;23;17.7;;0.0
26/06/2023;1400;25.4;26.3;24.9;74;75;72;20.4;21;20.1;-0.68;1018.96;1018.29;10.6;23;16.1;;0.0
26/06/2023;1500;24.9;25.6;24.3;76;78;73;20.3;20.6;20.2;0;1018.29;1018.29;11.2;23;16.1;;0.0
26/06/2023;1600;23.9;24.5;22.9;79;81;78;20;20.4;19.4;0.34;1018.63;1018.29;10.8;23;16.1;;0.0
26/06/2023;1700;21.9;22.9;21.5;84.4;85;81;19.1;19.6;18.9;0.68;1019.3;1018.63;9.1;23;16.1;;0.0
26/06/2023;1800;21;21.5;20.8;85.4;87;85;18.5;18.9;18.2;0.34;1019.64;1019.3;8.3;23;12.9;;0.0
26/06/2023;1900;20.7;20.8;20.5;86.7;87;85;18.4;18.6;18.2;0;1019.64;1019.64;9;23;14.5;;0.0
26/06/2023;2000;20.8;20.9;20.8;86.3;87;86;18.5;18.7;18.3;0;1019.98;1019.64;11.4;23;17.7;;0.0
26/06/2023;2100;20.9;21.2;20.6;85.9;87;85;18.5;18.7;18.3;0;1019.64;1019.64;13.7;23;19.3;;0.0
26/06/2023;2200;20.5;20.7;20.2;86.5;87;85;18.2;18.5;17.8;0;1019.64;1019.64;10.8;23;17.7;;0.0
26/06/2023;2300;20.2;20.5;19.8;85.5;87;84;17.7;18;17.4;-0.34;1019.64;1019.3;8.7;23;14.5;;0.0
27/06/2023;000;20.2;20.6;19.9;85.2;87;84;17.6;17.8;17.3;0;1019.64;1019.3;8.2;23;12.9;;0.0
27/06/2023;100;19.8;20.8;19.4;87.1;89;84;17.6;17.9;17.3;0;1019.64;1019.3;7.6;23;12.9;;0.0
27/06/2023;200;21;21.2;20.8;82.6;84;82;17.9;18.1;17.6;-0.34;1019.3;1018.96;11.7;23;16.1;;0.0
27/06/2023;300;20.9;21.1;20.5;82.2;84;82;17.8;17.9;17.5;0;1018.96;1018.96;9.8;23;14.5;;0.0
27/06/2023;400;18.9;20.5;18.2;89;90;84;17.1;17.7;16.6;0;1018.96;1018.63;4;23;11.3;;0.0
27/06/2023;500;18.3;18.6;18.2;90.4;92;90;16.7;17.3;16.6;0;1018.96;1018.96;2.9;23;6.4;;0.0
27/06/2023;600;18.3;18.7;18;92.3;93;92;17;17.4;16.8;0;1018.96;1018.96;1.8;23;6.4;;0.0
27/06/2023;700;18.1;18.9;17.7;92.6;93;92;16.8;17.6;16.4;0.34;1019.3;1018.96;2.5;23;8;;0.0
27/06/2023;800;20.1;20.9;18.9;87.3;92;84;17.8;18.1;17.6;0;1019.64;1018.96;5.5;23;14.5;;0.0
27/06/2023;900;22.4;23.9;20.9;80.3;84;76;18.9;19.6;18.1;0.34;1019.64;1019.3;9.7;23;17.7;;0.0
27/06/2023;1000;24.9;26.2;23.9;72.7;76;66;19.6;20.1;19.3;-0.34;1019.64;1019.3;10.6;23;16.1;;0.0
27/06/2023;1100;26.3;26.8;25.9;66.3;70;63;19.5;20.2;18.7;-0.68;1019.3;1018.63;11.2;23;19.3;;0.0
27/06/2023;1200;27.1;27.9;26.2;61.3;66;57;19;20.2;18.2;-1.36;1018.63;1017.27;12.8;23;17.7;;0.0
27/06/2023;1300;27.7;28;27.5;57.1;58;56;18.4;18.7;18.2;-0.68;1017.27;1016.59;14.1;23;22.5;;0.0
27/06/2023;1400;27.2;28.4;25.7;61;68;56;18.9;20;18.1;-0.68;1016.59;1015.92;12.8;23;22.5;;0.0
27/06/2023;1500;25.8;26.9;25.1;68.3;72;59;19.4;20.1;18.2;0;1015.92;1015.58;12;23;17.7;;0.0
27/06/2023;1600;26;26.9;24.2;63.8;72;59;18.5;18.9;18.1;0.68;1016.59;1015.92;10.4;23;16.1;;0.0
27/06/2023;1700;22.5;24.2;21.5;78.7;82;72;18.6;18.9;18.3;0.34;1016.93;1016.59;10.8;23;19.3;;0.0
27/06/2023;1800;21.6;22.1;21.1;79.9;82;78;17.9;18.3;17.6;0.34;1017.27;1016.93;9.2;23;16.1;;0.0
27/06/2023;1900;21.4;21.7;21;78;79;77;17.4;17.8;17;0.34;1017.61;1017.27;9.4;23;16.1;;0.0
27/06/2023;2000;21.5;22.7;20.4;76.3;80;73;17.1;17.6;16.7;0;1017.61;1017.61;10.1;23;17.7;;0.0
27/06/2023;2100;22.6;23.4;21.8;73.2;77;71;17.6;17.9;17.3;0.34;1017.95;1017.61;11.7;23;19.3;;0.0
27/06/2023;2200;20.8;21.8;20.2;82.4;88;77;17.7;18.2;17.2;0;1017.95;1017.61;6.1;23;14.5;;0.0
27/06/2023;2300;20;20.6;19.5;83.7;85;83;17.2;17.7;16.7;0;1017.95;1017.61;7.3;23;12.9;;0.0
28/06/2023;000;19.9;20.4;19.5;82.1;83;80;16.8;17.1;16.6;-0.34;1017.95;1017.61;8.8;23;12.9;;0.0
28/06/2023;100;21.3;23;19.8;75.4;81;69;16.7;17;16.4;-0.38;1017.61;1017.27;10.9;23;19.3;;0.0
28/06/2023;200;21;21.6;20.2;75.3;78;73;16.5;16.6;16.1;0;1017.27;1017.27;9.6;23;14.5;;0.0
28/06/2023;300;20.8;21.5;19.9;75.2;79;73;16.2;16.5;16;-0.34;1017.27;1016.93;7.3;23;16.1;;0.0
28/06/2023;400;20.5;23.3;18.8;75.5;82;64;15.9;16.3;15.4;-0.34;1017.27;1016.59;10.4;23;24.1;;0.0
28/06/2023;500;22;23.2;20.8;68.6;74;63;15.9;16.3;15.7;0.34;1016.93;1016.59;14.3;23;25.7;;0.0
28/06/2023;600;21.7;22.6;20.7;70.6;76;66;16.1;16.3;15.7;0.68;1017.61;1016.93;11.7;23;19.3;;0.0
28/06/2023;700;22.8;23.6;22.1;65.1;68;61;15.9;16.3;15.4;0.68;1018.29;1017.61;12.5;23;24.1;;0.0
28/06/2023;800;24.1;24.7;23.4;56.7;62;53;14.9;15.7;14.4;0;1018.63;1018.29;13.8;23;27.4;;0.0
28/06/2023;900;25.3;26;24.7;51.7;53;49;14.7;14.8;14.3;0.77;1018.96;1018.29;17.8;23;30.6;;0.3
28/06/2023;1000;27.3;28.2;26;47.3;50;45;15.1;15.4;14.8;0.36;1019.64;1019.3;9.3;23;32.2;;0.0
28/06/2023;1100;28.8;29.6;28.2;44.9;46;44;15.7;16.4;14.9;-0.68;1019.64;1018.96;8.2;23;17.7;;0.0
28/06/2023;1200;29.8;30.2;29.4;42.8;45;41;15.8;16.6;15.3;-1.02;1018.96;1017.95;6.7;23;12.9;;0.0
28/06/2023;1300;30.3;31.1;29.8;43;47;41;16.3;17.4;15.3;-0.68;1017.95;1017.27;4.3;23;11.3;;0.0
28/06/2023;1400;29.5;30.2;28.8;49.6;55;46;17.8;19.1;16.7;0;1017.27;1017.27;2.9;23;8;;0.0
28/06/2023;1500;29.8;30.3;28.8;47.5;55;44;17.4;19.3;15.9;0.34;1017.61;1016.93;4;23;9.7;;0.0
28/06/2023;1600;25.5;29.5;23.4;69.7;78;46;19.4;19.9;16.6;0.68;1018.29;1017.61;2.8;23;8;;0.0
28/06/2023;1700;22.3;23.8;21.5;79.6;81;77;18.6;19.7;17.3;2.39;1020.66;1018.29;5.3;23;14.5;;0.0
28/06/2023;1800;20.7;21.5;19.9;83.5;86;77;17.7;18.2;17.3;1.37;1022.01;1020.66;8.6;23;19.3;;0.0
28/06/2023;1900;19.6;19.9;19.2;86.1;87;86;17.3;17.5;16.8;0.68;1022.69;1022.01;9.7;23;20.9;;0.0
28/06/2023;2000;18.9;19.2;18.8;86.7;87;86;16.6;17;16.4;0.34;1023.03;1022.69;7.7;23;19.3;;0.0
28/06/2023;2100;19;19.1;18.8;85.4;86;85;16.5;16.7;16.2;0.68;1024.04;1023.03;11;23;29;;0.0
28/06/2023;2200;18.6;18.8;18.4;85.5;87;85;16.1;16.5;15.8;0.68;1024.38;1023.71;12.1;23;29;;0.0
28/06/2023;2300;18.3;18.4;18.3;83.4;85;81;15.4;15.8;14.9;0.34;1024.72;1024.38;9.6;23;24.1;;0.0
29/06/2023;000;18.3;18.3;18.2;79.4;81;79;14.6;14.9;14.5;0.34;1025.4;1024.72;9.9;23;20.9;;0.0
29/06/2023;100;18.1;18.2;17.8;78.5;79;78;14.3;14.5;13.9;0;1025.4;1024.72;9.6;23;24.1;;0.0
29/06/2023;200;17.6;17.8;17.4;78;78;78;13.7;13.9;13.5;-0.34;1025.06;1024.04;7.6;23;20.9;;0.0
29/06/2023;300;17.3;17.6;17;78.2;79;77;13.5;13.9;12.9;0.34;1025.4;1024.72;7.5;23;20.9;;0.0
29/06/2023;400;17;17;17;77.4;78;76;13;13.1;12.7;0.34;1025.4;1025.06;7.5;23;19.3;;0.0
29/06/2023;500;16.9;17;16.8;76.8;77;76;12.8;12.9;12.7;0.68;1026.08;1025.4;7.1;23;19.3;;0.0
29/06/2023;600;16.7;16.8;16.4;76;77;75;12.4;12.7;11.9;1.02;1027.09;1026.08;7.6;23;24.1;;0.0
29/06/2023;700;16.3;16.4;16.3;73.4;75;73;11.5;11.9;11.4;0.68;1027.77;1027.09;7;23;20.9;;0.0
29/06/2023;800;16.5;16.9;16.3;73.2;74;72;11.7;11.9;11.4;0.68;1028.45;1027.77;6.4;23;17.7;;0.0
29/06/2023;900;16.9;17.3;16.8;71.6;72;70;11.8;11.9;11.4;0.68;1029.12;1028.45;6.9;23;19.3;;0.0
29/06/2023;1000;17.8;18.4;17.3;66.6;70;63;11.5;12.1;10.7;0.34;1029.46;1029.12;9;23;19.3;;0.0
29/06/2023;1100;17.5;17.8;17.3;66;68;64;11.1;11.3;10.7;-0.34;1029.46;1029.12;8.4;23;19.3;;0.0
29/06/2023;1200;18;18.3;17.7;67;69;66;11.7;12.1;11.3;-0.68;1029.12;1028.45;8.4;23;20.9;;0.0
29/06/2023;1300;18;18.3;17.7;68;69;66;12;12.3;11.7;-0.34;1028.45;1028.11;8.6;23;20.9;;0.0
29/06/2023;1400;17.9;18.5;17.6;66.4;68;64;11.5;12.3;10.9;0;1028.45;1028.11;8.4;23;19.3;;0.0
29/06/2023;1500;17.5;17.9;17.3;69.3;71;67;11.9;12.2;11.5;0.34;1028.45;1028.11;6.6;23;16.1;;0.0
29/06/2023;1600;17.2;17.3;16.9;70.2;71;69;11.7;11.9;11.6;0.68;1029.12;1028.45;5.7;23;16.1;;0.0
29/06/2023;1700;16.7;16.9;16.6;69.8;72;67;11.2;11.7;10.4;0.34;1029.46;1029.12;4.7;23;14.5;;0.0
29/06/2023;1800;16.6;16.7;16.5;70.3;71;68;11.2;11.4;10.7;0.34;1029.8;1029.46;4.2;23;12.9;;0.0
29/06/2023;1900;16.3;16.5;16.1;72.3;73;71;11.3;11.4;11.1;0.34;1030.14;1029.8;3.1;23;11.3;;0.0
29/06/2023;2000;14.9;16.1;13.7;75.9;80;73;10.7;11.3;10.1;0;1030.14;1029.8;0.3;23;6.4;;0.0
29/06/2023;2100;13;13.7;12.1;80.9;83;79;9.8;10.3;9.3;0.34;1030.48;1029.8;0;23;0;;0.0
29/06/2023;2200;11.6;12.2;11.3;85.7;88;83;9.3;9.9;9.1;-0.36;1030.48;1030.14;0;23;0;;0.0
29/06/2023;2300;10.5;11.3;10.1;88.2;90;87;8.6;9.4;8.1;-0.69;1030.14;1029.46;0;23;0;;0.0
30/06/2023;000;10.1;10.4;10;88;90;87;8.2;8.8;7.9;0;1029.8;1029.46;0;23;0;;0.0
30/06/2023;100;;;;;;;;;;;;;;;;;
30/06/2023;200;;;;;;;;;;;;;;;;;
30/06/2023;300;;;;;;;;;;;;;;;;;
30/06/2023;400;;;;;;;;;;;;;;;;;
30/06/2023;500;;;;;;;;;;;;;;;;;
30/06/2023;600;10.4;10.4;10.4;90;90;90;8.8;8.8;8.8;;1027.77;1027.77;0;23;0;;0.0
30/06/2023;700;;;;;;;;;;;;;;;;;
30/06/2023;800;;;;;;;;;;;;;;;;;
30/06/2023;900;17.7;18.3;17.5;78.8;80;78;14;14.6;13.6;0.44;1029.12;1028.78;4.9;23;8;;0.0
30/06/2023;1000;19.1;20;18.3;75;79;72;14.5;14.8;14.1;-0.68;1029.12;1028.45;9.1;23;17.7;;0.0
30/06/2023;1100;19.3;20.1;18.8;72.9;75;71;14.4;14.9;14.1;-0.68;1028.45;1027.77;11;23;17.7;;0.0
30/06/2023;1200;19.9;20.4;19.2;71.5;73;71;14.5;15;14.2;-1.03;1027.77;1026.75;10.9;23;17.7;;0.0
30/06/2023;1300;19.4;19.6;19;73.6;75;73;14.5;14.8;14.3;-1.02;1026.75;1025.74;10.8;23;17.7;;0.0
30/06/2023;1400;19.4;20.2;19.1;75.4;77;75;15;15.7;14.7;-0.68;1025.74;1025.06;12.3;23;19.3;;0.0
30/06/2023;1500;19.2;19.5;18.9;78.7;80;77;15.4;15.6;15.2;0;1025.06;1024.72;13.8;23;20.9;;0.0
30/06/2023;1600;18.9;19.1;18.8;80;81;80;15.4;15.6;15.3;0;1025.06;1025.06;9.9;23;19.3;;0.0
30/06/2023;1700;18.6;18.8;18.5;81.4;82;81;15.4;15.4;15.2;0;1025.06;1025.06;9.5;23;17.7;;0.0
30/06/2023;1800;18.3;18.5;18.1;82.6;84;82;15.3;15.4;15.2;0;1025.4;1025.06;9.3;23;16.1;;0.0
30/06/2023;1900;18.1;18.2;18;83.3;84;83;15.3;15.4;15.1;0.34;1025.4;1025.06;7.4;23;12.9;;0.0
30/06/2023;2000;18.2;18.3;18.1;84.7;85;84;15.6;15.7;15.4;0;1025.74;1025.4;5.8;23;9.7;;0.0
30/06/2023;2100;18.1;18.3;18;84.4;85;84;15.5;15.7;15.3;0.68;1026.08;1025.4;6.1;23;9.7;;0.0
30/06/2023;2200;18.1;18.2;18;85.2;86;84;15.6;15.7;15.4;0;1026.08;1025.74;5;23;8;;0.0
30/06/2023;2300;18;18.4;17.9;83.9;85;81;15.2;15.4;14.9;-0.68;1026.08;1025.4;7.3;23;16.1;;0.0
